{"version":1,"hash":{"type":"Buffer","data":"ZUd+6kPUbT0FnELQv0IxAfgO0JwE5Z8Zpr73vFShxG61jhjAz1l1Ym6DV3sauqCtJv3lAwYGGsp0N1ELukwpzloimljSlpeFwOfqm89Vkk9yu1pxiFSiv7Mx4vY6muHtvr0JcAYKg+xWL4QfJyhqagKikXdDLjgjx8/PKEGJ0k4="},"indexValueMap":{"d3BCsHs5M59K+GuTPzqhG9xSPOZC9HC4F7fzExpkyjs=":{"valueMac":{"type":"Buffer","data":"Orn/hljs5/YN6VB/Pj2EEbEOFrwVmNcKCzPFj6oo4wY="}},"kb+FcT8iViJlH8U5Eg4rixB5pdIDq1JOhQ3Cg7JQ1Kc=":{"valueMac":{"type":"Buffer","data":"OuRhrYnB1C+cqJoFjzAXaHeG3Uhx9MSEsdavP2Po7bU="}},"QX+fmq5S0eijpiFqZZMdYVPtzsl96QcbzSLqEZy01ik=":{"valueMac":{"type":"Buffer","data":"+agtRQEDiLV07P5/8vYyY2fmOd36XSZZP/amVgRm4KA="}},"CqJPKDQvjoR7mNIQTue5SNFVsWWifZwxIoGTzGMpxAY=":{"valueMac":{"type":"Buffer","data":"lZrE9xDaA7djXJTd7lAC1uhbG/DOIWr3T/M105H5Wlc="}},"p0kmZ7Qj2i7oWDIW1HHNKYHLhGuk42D5oz+DVJzDC08=":{"valueMac":{"type":"Buffer","data":"sHEqe6KUjsvMhmZIDnPLyxr1DyBlNID2/HIRdgFa1S8="}},"RF4XeKSb+H87apQaGCPsMcJ2bEEq5ANfu4CD/3Ax9ls=":{"valueMac":{"type":"Buffer","data":"OtLwlRqirBIeElcNHdTzYGkwoatAUWlopu2i1Temb0w="}},"k7wNvcrFh2l6BXjPPf93bnbfaj3LT8hS6z9R+OLSegk=":{"valueMac":{"type":"Buffer","data":"UVxn7AO3G8DIZwLiDKYRuXlbfxK2Ja1tuoUgMSozVFg="}},"7mhIX+HAYyePVdlaP1Yr0lrlxA24+VU8l54HTamFCc0=":{"valueMac":{"type":"Buffer","data":"VxgKOugk6+OpzFw4AJmKb3frvokjorSDw3kCr6lGL7c="}},"YwB5kxbIzLEVFSwm3PI8IJTsKEvuPw6lzYn/Cyqf2d0=":{"valueMac":{"type":"Buffer","data":"byOHVfPbEYs+dkhCBviUqppt6kA2VvAcHM+iXj0HRrk="}},"EcsR1c5WY+FiCMUlCNd62DiGkwN+lpK7REbqXPwZl/o=":{"valueMac":{"type":"Buffer","data":"WAWV71iFIKmlGdPk/U3Rv27/uPEbdVF3DiH/oA9bH4s="}},"NeXdZgKB0hJ24t9IdwgusuSpLZhg47RPB5swg8a4/3c=":{"valueMac":{"type":"Buffer","data":"vPUFfDZVfinki6AO9wVsgyisi52Je4E83Jb1jieUNPg="}},"sylxlTtD8DEcgxH240Vh1AvfbKYBBS4Brhj4cjnBe+g=":{"valueMac":{"type":"Buffer","data":"1nukr++GWzN+eRG+AywLWa/2zTLZgb9hbFunN9gryEs="}},"2KWxFqyWZLmrVMjVoOjSvsX0Ir3ShE6cq1THkLGT7zk=":{"valueMac":{"type":"Buffer","data":"sqJzoB0JmqIgsP1E4v8AMYVjlPTo/KVMl0pyDRnAwqg="}},"6x7GG8mFlonThTGvJidoumY/8tIjPv0zcz6gfzvJ5cE=":{"valueMac":{"type":"Buffer","data":"LvEJ32KarYt3wIZWM+1jsIHnJUmiOiLNrMqgUHAGpiQ="}},"WuzqRSUTa5YlHB/8zCWwGQ1nCHQvzDi6Zutm+x05i2k=":{"valueMac":{"type":"Buffer","data":"WJgOc1J2+WPMOAU8KGHjjhxuuxkcC23OM1R5Xj2qvhE="}}}}