{"version":5,"hash":{"type":"Buffer","data":"0bybn4tDCmc30WZastOHOSIXovEuLmk4ifHqP/6UdukgvvDICyHeHy1sacL6u2zzAet32LFZOwKc4WtkUBqeglWgiiwug4IJbsiwxNk4GSmsMRbB+FaGGytDyEmvGlGxQpR81/p9YASdZE+FYw7dZJvawXlExiXvkYIQHYWGKTA="},"indexValueMap":{"jPTOXfRsl8x9ZGqW99wGMS8EqoqF8aatj7vtVyO8218=":{"valueMac":{"type":"Buffer","data":"c9LIw4bmdLQYHLFzkedbYpO/whQvx2nn+ewnyX4TTt4="}},"6oIvR25cRWKOVg7rXWUjpKSqC5Z+cNqnGzgZE824INY=":{"valueMac":{"type":"Buffer","data":"39es/f43iLopbtMN/hYuYvMzPa/RaZX8SrS628W/GDs="}},"72AdrHdIDo36bTKVvGRFnHtGdGW7zAZhkTvohCMh/tQ=":{"valueMac":{"type":"Buffer","data":"K6mrmqHByPkWqC6fvqHavhs33glmdKZ5LVkyHOY41A4="}},"/rWUXvWeEBRorThIzHr+Nb0fVb1eFwjvjZvXgcNXzGo=":{"valueMac":{"type":"Buffer","data":"GWb++kGMnmmP4OTA6DHjn/HCJE3LWssdDTrow5iee/w="}},"KHU1ngMYkB7vSSX/WX5Akl1qSt68/34Dz8sXfuFN+7c=":{"valueMac":{"type":"Buffer","data":"boPQTO7nxn5jUV/kLOEJ5q3uoYPs5+WdoqOHD7/BiCE="}},"iFi72gL9T9ksO5DBJXcZCqsWr6W5a/3omyOLQYAeSW4=":{"valueMac":{"type":"Buffer","data":"XsSFjGzG7YjqNP+2vAiLy8LIJvOxOmzd8a74oerB31I="}},"tCGvbkcvGIqnC/4IncVEmRZCr95ldgUfSAK10xwo9wU=":{"valueMac":{"type":"Buffer","data":"ZNNChcFwnpNa+SKhSwUkLY5MrkGNXWZwU9eJjn4nnRw="}},"GBgZCw3JGMyGnNoraYN/GXhpWiaIJu+ihwaolrGwBPo=":{"valueMac":{"type":"Buffer","data":"OtTc1abR9JSJVe9l82TvOfLqRuZLu9L9bgcmVEctxxI="}},"rVBlfFTNIZmWl9XyzpaG76njdtfYIWXBWmxBs2BJMQE=":{"valueMac":{"type":"Buffer","data":"3y/B+XyCt+9GTnC/emrKxZbm9F1rk7164gTAPsRrmQ8="}},"pH7zcZkqtIWJo8+YeRUP6B7CB1+HsjX0iE5WsDpldcI=":{"valueMac":{"type":"Buffer","data":"dswx7xVf41mCg4DaKiawuBAo3c+V/+uye3r8/BM6J8w="}},"LXCnGKjkxoYc/4TWhsVUTApXwci34No6bbFMUZyyGfM=":{"valueMac":{"type":"Buffer","data":"Q5KRuIp+ZsXiik5fBUuqCDzV41dYz5IQ6fPnW36gqj8="}},"QboOtzYamd469STKsER53uvwNvtMEpzaQUnesKWGsx0=":{"valueMac":{"type":"Buffer","data":"Pn44ETIs9ikxRfKH8LOCIrRc20zeWISVE4iqufmA3rk="}},"K6ioHGtXQZWcG5NHiYc39Y08TOqLckQIE5arVJiYpUk=":{"valueMac":{"type":"Buffer","data":"DEJ9EQcTVUFCuyZ/WJJYwVszjsM487oQ5tQaOcWG7ss="}},"vM4BEAS092fJDUXo9eXbWaZPpnfa2X0weRk4Tpin98Q=":{"valueMac":{"type":"Buffer","data":"hTuu04wKIXA9RDW9l9Pgm0VbQAP5A8cNyeyFBWh7ik0="}},"WHvTV18J8civ+iGTfA53OP8nK2USqCAfZUJoCLV5ocU=":{"valueMac":{"type":"Buffer","data":"2/cWb7z2jW70CetAi7PaqIxHIDIEr5zsnfj4ywXUlmY="}},"R2pDT0DQ5h5vzOD62fY+CD93FiATkcOxDlhb2SdIHGE=":{"valueMac":{"type":"Buffer","data":"W1shI5NsmhZOX76sjjSWE1KGdgvZUd83DJXdouQViwQ="}},"6pnkuVXIqacjwQ74ytFDFmd9US0N8CSpfG9q4Al4tLo=":{"valueMac":{"type":"Buffer","data":"p0lqfp/PmkwegG+UrT99cqjmNaWwyz8/qggtBL7RbA8="}},"AxbqEDbIwz8bO4Kbvb6kfm3PbUGxNWcCiz71yDP73qY=":{"valueMac":{"type":"Buffer","data":"ZQbNjeS/o1S5z6s+K+88pA+15igcxRT4Aq43SbH3L04="}},"8ea30MQa7gJJ1MRAbaNebCGybCQvaW8kEnEYpVO+x5U=":{"valueMac":{"type":"Buffer","data":"GV814HUZH1gns9VW+n5IBaUf1s7PuJypP8tS9qytS3o="}}}}