{"noiseKey":{"private":{"type":"Buffer","data":"eJSdi6hRNxjzfvGq2Nv5nDpSmcXHmcXH4HiA2uZx3nI="},"public":{"type":"Buffer","data":"1KWuGOAuZh3dIz8sMjizEe8sHs+e9t6Gaxtdf3/I3QM="}},"pairingEphemeralKeyPair":{"private":{"type":"Buffer","data":"gIyXGOHFOKb84OOrdHH2BI7AyUgmdQRphVjykdt/TWM="},"public":{"type":"Buffer","data":"VF7ALLOcze38Vipicy6xORRf01u8WjT2kyWhV7gUGjA="}},"signedIdentityKey":{"private":{"type":"Buffer","data":"UEZktf5fuQoknirorgmo+/HxTvO+b8GUwVk5Z16Z31g="},"public":{"type":"Buffer","data":"PAxIoX7CCKSYe/eXjEeNQAuruBQeqXgDdbBf+MtzZ3o="}},"signedPreKey":{"keyPair":{"private":{"type":"Buffer","data":"QJ4m5Q+OLS/k7oEMlXzZBlBH8v9s2BXMJuOyfPQSIEM="},"public":{"type":"Buffer","data":"FoLgAqmEw5KeafQ5CizbyBZFET+e9RDqaa16WnZNaE8="}},"signature":{"type":"Buffer","data":"D4HAzg/rpEvsy4Mu3i5QzBbqhNN5T0sciAX1+xXDkAhj5zhULjl/Kqg+60rl/tQpDT1U68fk45nnGtbUiNfKiw=="},"keyId":1},"registrationId":39,"advSecretKey":"gpbTK468KePY9v47kHrId0lmzHWiCJjWhABPhwJO5LA=","processedHistoryMessages":[{"key":{"remoteJid":"6285965956856@s.whatsapp.net","fromMe":true,"id":"27CA89E0AEE1CDE12F967528BCD584B5"},"messageTimestamp":1704126061},{"key":{"remoteJid":"6285965956856@s.whatsapp.net","fromMe":true,"id":"07265896C6E36EBCF176A630BD48FF45"},"messageTimestamp":1704126065},{"key":{"remoteJid":"6285965956856@s.whatsapp.net","fromMe":true,"id":"68A42253A73C8AA72DA192405D1C2CB6"},"messageTimestamp":1704126137},{"key":{"remoteJid":"6285965956856@s.whatsapp.net","fromMe":true,"id":"94E37BAFFB9EB7467AF404B5EF6D7F60"},"messageTimestamp":1704126184},{"key":{"remoteJid":"6285965956856@s.whatsapp.net","fromMe":true,"id":"3240F51AB688093FEA218ADFC7039ACB"},"messageTimestamp":1704126291}],"nextPreKeyId":33,"firstUnuploadedPreKeyId":33,"accountSyncCounter":1,"accountSettings":{"unarchiveChats":false},"deviceId":"NTyNJRMlReKBsE38QuWr7g","phoneId":"0b619216-4494-4aaf-8440-0de7535fde79","identityId":{"type":"Buffer","data":"ro73QwIFTTAu/VB8enkb6U8pfUE="},"registered":false,"backupToken":{"type":"Buffer","data":"nzzjd5x9nv2iwf/e86XzLsG5+3A="},"registration":{},"account":{"details":"CNyHuskBEOLMy6wGGAIgACgA","accountSignatureKey":"5R4sUyHrWQIUxWvvJh2D8WS8Y2Ary5oBP020m9VSkCg=","accountSignature":"/+V/QAYWiDRG39YzF2WuAaivlISPyu2s061ZbTIoOQlMIygzFLeIzuc51zidcjVkmXOvfVSQeh8ZZt0DId6zDQ==","deviceSignature":"KGkkAvRXnwYtFGDVABQ+hcE4LUA+nh+GNTeVLyKPTIB//mXIRmMxa7IMZcVYezTX60dWUHem+lVwJCWA6uzShA=="},"me":{"id":"6285965956856:28@s.whatsapp.net","name":"felizz","jid":"6285965956856@s.whatsapp.net"},"signalIdentities":[{"identifier":{"name":"6285965956856:28@s.whatsapp.net","deviceId":0},"identifierKey":{"type":"Buffer","data":"BeUeLFMh61kCFMVr7yYdg/FkvGNgK8uaAT9NtJvVUpAo"}}],"platform":"smba","lastAccountSyncTimestamp":1704127579,"myAppStateKeyId":"AAAAAM+c"}