[{"senderKeyId":1574983424,"senderChainKey":{"iteration":76,"seed":"hBJ0a4TBHEB0qvjh1URtjCAE1QQsHqtxtz0c+bIOvYg="},"senderSigningKey":{"public":"BY6pBhAr0jVbEiwQeQvZBgLmZF8fo2NEmUMq+Fx+L/E7"},"senderMessageKeys":[]},{"senderKeyId":1574983424,"senderChainKey":{"iteration":46,"seed":"QNcJ/6F1ENk0Sjs8RjXGXQp+V8hGne7cPW73sJEd7rA="},"senderSigningKey":{"public":"BY6pBhAr0jVbEiwQeQvZBgLmZF8fo2NEmUMq+Fx+L/E7"},"senderMessageKeys":[]},{"senderKeyId":1574983424,"senderChainKey":{"iteration":59,"seed":"FdLRMqZTEoLixxqDwdieUV6jSqOcuvq1ChYEp/V9obw="},"senderSigningKey":{"public":"BY6pBhAr0jVbEiwQeQvZBgLmZF8fo2NEmUMq+Fx+L/E7"},"senderMessageKeys":[]}]