[{"senderKeyId":2001050772,"senderChainKey":{"iteration":46,"seed":"XhT+ZJixnCe9DAEc+nz3TpqFfil5fsDUsa/iHelmGcU="},"senderSigningKey":{"public":"BYLCu4wOblJ3modHl1FqlYAzwipc8Nk7VbXFyzIoNzwU"},"senderMessageKeys":[]},{"senderKeyId":2001050772,"senderChainKey":{"iteration":34,"seed":"dw83wtDFAAqgdkdqVt089Zf+RuiFK94R+e/Z+GnxTNI="},"senderSigningKey":{"public":"BYLCu4wOblJ3modHl1FqlYAzwipc8Nk7VbXFyzIoNzwU"},"senderMessageKeys":[]},{"senderKeyId":2001050772,"senderChainKey":{"iteration":37,"seed":"ZdJ/FXp6DbcjvvuAV6JXP7GQ1YdUA9MdvSlvxDt6yBQ="},"senderSigningKey":{"public":"BYLCu4wOblJ3modHl1FqlYAzwipc8Nk7VbXFyzIoNzwU"},"senderMessageKeys":[]}]