[{"senderKeyId":1684101239,"senderChainKey":{"iteration":299,"seed":"zdZ153Iv/yVPtgVkrfrlYMeZZqM3dDcjloR63JwIgPk="},"senderSigningKey":{"public":"BeN9hTCdpoL3XWLEu++qx80vg+CmJLV/2J0+j9kT2psf","private":"+GCMbPtTj0sqP7w1s0tLZE7R4qMHXiuZdQbB/yi1onk="},"senderMessageKeys":[{},{},{},{},{},{},{},{},{},{},{},{},{},{},{},{},{},{},{},{},{},{},{},{},{},{},{},{},{},{},{},{},{},{},{},{},{},{},{},{},{},{},{},{},{},{},{},{},{},{},{},{},{},{},{},{},{},{},{},{},{},{},{},{},{},{},{},{},{},{},{},{},{},{},{},{},{},{},{},{},{},{},{},{},{},{},{},{},{},{},{},{},{},{},{},{},{},{},{},{},{},{},{},{},{},{},{},{},{},{},{},{},{},{},{},{},{},{},{},{},{},{},{},{},{},{},{},{},{},{},{},{},{},{},{},{},{},{},{},{},{},{},{},{},{},{},{},{},{}]}]