{"_sessions":{"BcJ9v0bQUHHee7fq2x7+sWx3zDgslegyOV8UCXWhAtAP":{"registrationId":1983062604,"currentRatchet":{"ephemeralKeyPair":{"pubKey":"BayuCdDKwPUAaMCFUn1OUey3yDuG+kFaxo12IhMZ9PNA","privKey":"INouI7ctJzxjyXl8BK8NTCCKcvP7R8SN2/b38EuwHm0="},"lastRemoteEphemeralKey":"Bdtg2Jev9VZNAxFGjYxE30uBBWDUkKnSWPe6jkFo+gZ0","previousCounter":0,"rootKey":"famW+ogMbAaSAkqLtL75DlEmGi6i3ozcyZHqN9+Wi2g="},"indexInfo":{"baseKey":"BcJ9v0bQUHHee7fq2x7+sWx3zDgslegyOV8UCXWhAtAP","baseKeyType":1,"closed":-1,"used":1704163485733,"created":1704163485733,"remoteIdentityKey":"BaSJWlOh2GLCrxn5USWJ5KKfP3/tGB4Ik9jQkyIJHjVu"},"_chains":{"BayuCdDKwPUAaMCFUn1OUey3yDuG+kFaxo12IhMZ9PNA":{"chainKey":{"counter":1,"key":"fFlacg7LiFyotVlLUA8oqJoVM4NVjyehJS/bTV5X8ds="},"chainType":1,"messageKeys":{}}},"pendingPreKey":{"signedKeyId":1,"baseKey":"BcJ9v0bQUHHee7fq2x7+sWx3zDgslegyOV8UCXWhAtAP","preKeyId":12268911}}},"version":"v1"}