{"_sessions":{"BRE4m4mhUuXMHq3tFzVxyvuIfP865d//3UE7r2Qe8mYJ":{"registrationId":1505762018,"currentRatchet":{"ephemeralKeyPair":{"pubKey":"BfKs8UlPT9scAgLZb9XBzgVHvL7A/gb7ewdQ6homQedg","privKey":"AA94XVxlY/ubIcSJ7mFvOVrQYmgdNJwOZLhUXIfp2VE="},"lastRemoteEphemeralKey":"BX5RKBRmRjymAbNOr6OIpV6WBjjIV5Nr3IUS4k514G47","previousCounter":0,"rootKey":"iZm/sdBaviAE9rJZ45653vBisxubMTWodIUIQ4bhgY4="},"indexInfo":{"baseKey":"BRE4m4mhUuXMHq3tFzVxyvuIfP865d//3UE7r2Qe8mYJ","baseKeyType":1,"closed":-1,"used":1704132688742,"created":1704132688742,"remoteIdentityKey":"BWHmuSUlsvbB+qxcFj5nf/3GP4mKI8oOhL9IoSMOQolb"},"_chains":{"BfKs8UlPT9scAgLZb9XBzgVHvL7A/gb7ewdQ6homQedg":{"chainKey":{"counter":8,"key":"E59hnAEV5WSiQ9rx9sm+DWoOnFDvSowo7sA9kx8IZyw="},"chainType":1,"messageKeys":{}}},"pendingPreKey":{"signedKeyId":2,"baseKey":"BRE4m4mhUuXMHq3tFzVxyvuIfP865d//3UE7r2Qe8mYJ","preKeyId":5485928}}},"version":"v1"}