{"_sessions":{"Baa0s8+KpukLaaf66ZJSTEdq23hC8HRmn+76A6kETj9s":{"registrationId":662013281,"currentRatchet":{"ephemeralKeyPair":{"pubKey":"BdR6KbGyB5PNa/bHmH4Zm/fX4AUTBnPUC/kz3lyod641","privKey":"YAXUwrdG3xt/nIImxotTZsRrtwQ/mrqQcVwE+dJ0qXo="},"lastRemoteEphemeralKey":"BdPaDbCp03ME472j/7Ts6QuqDxzpLkkunkG1KDgLYqss","previousCounter":0,"rootKey":"KnhLuMxqm+HTfW0m2uiwIaXXSno233Th27q6ntrM2oQ="},"indexInfo":{"baseKey":"Baa0s8+KpukLaaf66ZJSTEdq23hC8HRmn+76A6kETj9s","baseKeyType":1,"closed":-1,"used":1704163437961,"created":1704163437961,"remoteIdentityKey":"BYKFr/c2acMZ0imWQtbb4X2QQCiN+ubZVqqBFA7b3xZA"},"_chains":{"BdR6KbGyB5PNa/bHmH4Zm/fX4AUTBnPUC/kz3lyod641":{"chainKey":{"counter":1,"key":"mxwU6TC6sQnYru41fiJrGkrv+p+XoBbfdnSXz+y/Oxo="},"chainType":1,"messageKeys":{}}},"pendingPreKey":{"signedKeyId":0,"baseKey":"Baa0s8+KpukLaaf66ZJSTEdq23hC8HRmn+76A6kETj9s"}}},"version":"v1"}