{"_sessions":{"BansGw6yZyfcYSkwMviLO3e7y6JPm9ctp3xCUwsoG2w0":{"registrationId":12946,"currentRatchet":{"ephemeralKeyPair":{"pubKey":"BQsPyn0Xt+DFVHnyztlBZ7AzJ9iQpRuIDciVP8IerVcr","privKey":"oFXVqmJU/kdYzpkKPZ8ok0NgJ4csMlkuSxkiGWZWt14="},"lastRemoteEphemeralKey":"Be7KKY1nckripuv2gsd1G37oSUG+ETzPU9nnHPCJE2RI","previousCounter":0,"rootKey":"Tauu7o99ZWwvP3kdrcTVJjbncwRRhaLEHOl2P29cWn0="},"indexInfo":{"baseKey":"BansGw6yZyfcYSkwMviLO3e7y6JPm9ctp3xCUwsoG2w0","baseKeyType":1,"closed":-1,"used":1704132688650,"created":1704132688650,"remoteIdentityKey":"Bc14EezGES2NEHNucLzSBDA+eshB027MWZ3vgtbz+vV9"},"_chains":{"BQsPyn0Xt+DFVHnyztlBZ7AzJ9iQpRuIDciVP8IerVcr":{"chainKey":{"counter":10,"key":"MId4iNOQC3i3ok4G68iXUgaGq4f44JvfKnU3MZ8hKi0="},"chainType":1,"messageKeys":{}}},"pendingPreKey":{"signedKeyId":1,"baseKey":"BansGw6yZyfcYSkwMviLO3e7y6JPm9ctp3xCUwsoG2w0"}}},"version":"v1"}