{"_sessions":{"BSgsGpPq3l+wCgXINXNwS7CzArDVm07TEVKDBc0Akjlt":{"registrationId":187214765,"currentRatchet":{"ephemeralKeyPair":{"pubKey":"BRdMv8CkjmLZUdtoPf75Cv9AR2bLAbCnPdkOY6q0DjNT","privKey":"WJVkr/VQ+IkhpeCo6R9mB7SXI8D8tNlrbP01JuBkd1M="},"lastRemoteEphemeralKey":"BZtJKlk3vg+hXDazFz0aUv7OW2l7xmlJTe6p+lXHmmQd","previousCounter":0,"rootKey":"RcP5z83VsaU0mc/3K6tPpCf4ZoagPJrbC4EDA8XfZoE="},"indexInfo":{"baseKey":"BSgsGpPq3l+wCgXINXNwS7CzArDVm07TEVKDBc0Akjlt","baseKeyType":1,"closed":-1,"used":1704132689036,"created":1704132689036,"remoteIdentityKey":"Bbm7Mk/dX39WYM0tH2l30M5jAFggjueuEHP8w9Vcbco0"},"_chains":{"BRdMv8CkjmLZUdtoPf75Cv9AR2bLAbCnPdkOY6q0DjNT":{"chainKey":{"counter":10,"key":"esfzJ22/PRjc7RoIfAnu8q4a0as1/dViy/fPX0aSFws="},"chainType":1,"messageKeys":{}}},"pendingPreKey":{"signedKeyId":9,"baseKey":"BSgsGpPq3l+wCgXINXNwS7CzArDVm07TEVKDBc0Akjlt","preKeyId":5716067}}},"version":"v1"}