{"_sessions":{"BSHZ/7DYgjk8eKIVfgC1hrayKNpMmTJTGIaaRB5OCFhT":{"registrationId":395558289,"currentRatchet":{"ephemeralKeyPair":{"pubKey":"BcIYALL6sMkI0lEcAybMC7gVezZXh7gcA5FshhcfH+Uq","privKey":"CEm5jjQSA7VcpVBxOO1iDvNbzETTzBAgvDiB6jwX9Wk="},"lastRemoteEphemeralKey":"BatuUFN6wkNq8oEPtFQ7wGkoJEEVIjrsatX3CeVM37E/","previousCounter":0,"rootKey":"5aTEoMqiXT4e4AbBNWjn08z2izHdy9++jUNdFnq3uaQ="},"indexInfo":{"baseKey":"BSHZ/7DYgjk8eKIVfgC1hrayKNpMmTJTGIaaRB5OCFhT","baseKeyType":2,"closed":1704157434225,"used":1704155203568,"created":1704155203568,"remoteIdentityKey":"BQNknra3YXeheRcamIl5/PpzXk1VTXQV3k1dCnfD1jJK"},"_chains":{"BatuUFN6wkNq8oEPtFQ7wGkoJEEVIjrsatX3CeVM37E/":{"chainKey":{"counter":0,"key":"wZ7BUzl3FZnwXYwtKPv3S1pgKngdPv4lqcyXT3uyo5c="},"chainType":2,"messageKeys":{}},"BcIYALL6sMkI0lEcAybMC7gVezZXh7gcA5FshhcfH+Uq":{"chainKey":{"counter":-1,"key":"ZpoRbd+P816Hpq84+dbCoSB1dnGu4F/tDTkVMzruFRE="},"chainType":1,"messageKeys":{}}}},"BRjGV2KApv+SDOnRYtl/BRq4pmc8tHGsyYNp9zHVBfBB":{"registrationId":395558289,"currentRatchet":{"ephemeralKeyPair":{"pubKey":"BfOd1WR68ei/jjjE2ln1HSp7aVJgyHAXrWu0Bh8gZuc+","privKey":"6CtDqlstdiMNieFd7MQkON4JVfdpom5lw5YHiR4Uy2E="},"lastRemoteEphemeralKey":"BTZ9Nkpdn1caw1xZ43XMkjsQ21uLoyOczXxfqmyEgctC","previousCounter":7,"rootKey":"HnJrMxhO8rV62Ur+jeiZi7LYt7DcK/imx3uETFBDBt4="},"indexInfo":{"baseKey":"BRjGV2KApv+SDOnRYtl/BRq4pmc8tHGsyYNp9zHVBfBB","baseKeyType":2,"closed":-1,"used":1704157653913,"created":1704157434317,"remoteIdentityKey":"BQNknra3YXeheRcamIl5/PpzXk1VTXQV3k1dCnfD1jJK"},"_chains":{"BUyJDmq3fTq1cTXGEibE64N3uSYFkgQgcIURiOzozQUb":{"chainKey":{"counter":1},"chainType":2,"messageKeys":{}},"BbyiFb+mtZz/UmEvg+LYM15S188e6krcSLpA146YVdUX":{"chainKey":{"counter":1},"chainType":2,"messageKeys":{}},"BdOW7NV0wpE9srP/P8boB7n14kFSVGvgGalTiji7bDEJ":{"chainKey":{"counter":0},"chainType":2,"messageKeys":{}},"BS6mf3mvKhZM+N4xLI/jhLvr3e7NKdWXGYpEC7Stvyl/":{"chainKey":{"counter":0},"chainType":2,"messageKeys":{}},"BfT+bCMNl5pu8pV8v3g7/D0UShB5cOMHdIWhSfBId5U6":{"chainKey":{"counter":0},"chainType":2,"messageKeys":{}},"BTZ9Nkpdn1caw1xZ43XMkjsQ21uLoyOczXxfqmyEgctC":{"chainKey":{"counter":0,"key":"me2w4wFmgJlJ2PJAXiWlXUbY9E9c5r8KJDeGQXoL0oY="},"chainType":2,"messageKeys":{}},"BfOd1WR68ei/jjjE2ln1HSp7aVJgyHAXrWu0Bh8gZuc+":{"chainKey":{"counter":6,"key":"/OJrbN4+xAq3VjbsA8bwLqKW2JqlldMmFWEuOF2EQV8="},"chainType":1,"messageKeys":{}}}}},"version":"v1"}