{"_sessions":{"BceFJkIp8CyxJ4ED/NJGMeZI7CtlFv6IPS1QTXE3Juh6":{"registrationId":16047,"currentRatchet":{"ephemeralKeyPair":{"pubKey":"Be/Y9JGyWE306CUPFOt7rGuAQiORMjlCyH8rNXZI4Io0","privKey":"0IUIF2nE33gTdwBVzHB58ykAZJvm2feBghakga7OCH4="},"lastRemoteEphemeralKey":"BdlxQUBBYkoWn+UuP2hZ25vNHAQmc3Kpl5B6kzU76mQF","previousCounter":0,"rootKey":"sf6OvFDTR1c4fUHUwUwdj19KEojog4kebylbaJLU5NM="},"indexInfo":{"baseKey":"BceFJkIp8CyxJ4ED/NJGMeZI7CtlFv6IPS1QTXE3Juh6","baseKeyType":1,"closed":-1,"used":1704163485736,"created":1704163485736,"remoteIdentityKey":"BTZCd+5F0reP6R/DFTc6OS4iP0Kxnz3vzM09XSAXbPZS"},"_chains":{"Be/Y9JGyWE306CUPFOt7rGuAQiORMjlCyH8rNXZI4Io0":{"chainKey":{"counter":1,"key":"MUs3JXESl59KMrqNw+JCudDbnTgQigTHmVN9EQV+QTE="},"chainType":1,"messageKeys":{}}},"pendingPreKey":{"signedKeyId":1,"baseKey":"BceFJkIp8CyxJ4ED/NJGMeZI7CtlFv6IPS1QTXE3Juh6"}}},"version":"v1"}