{"_sessions":{"BeGFQXB6MWVTgOj3TRJsYZIERV26WPB/W8dysTL6N4pM":{"registrationId":244,"currentRatchet":{"ephemeralKeyPair":{"pubKey":"BSwpNTIu8aaXT16cjh3fIUg/LhUZWVpqHKeD2A+07nxD","privKey":"0NZtBLdpJ4fhee5tCpl1A752akxrt7pPah5iVvZk41k="},"lastRemoteEphemeralKey":"Bb+rZrjof3yWmKGQMUltirbmQZopi77P4JjtiT/ghsl8","previousCounter":0,"rootKey":"+5S0wAHLI624zpckYArbLT1QbntMSewxr9yhnryBRjY="},"indexInfo":{"baseKey":"BeGFQXB6MWVTgOj3TRJsYZIERV26WPB/W8dysTL6N4pM","baseKeyType":1,"closed":-1,"used":1704168786354,"created":1704168786354,"remoteIdentityKey":"BdDnNdTXYBPRYeVEu1l9zpAjtuAGSbcRJMjm3htr4bId"},"_chains":{"BSwpNTIu8aaXT16cjh3fIUg/LhUZWVpqHKeD2A+07nxD":{"chainKey":{"counter":0,"key":"cNTv6XBNRZwba8PNjliZgw4uTCfkUZnyazvXs1u6bJI="},"chainType":1,"messageKeys":{}}},"pendingPreKey":{"signedKeyId":1,"baseKey":"BeGFQXB6MWVTgOj3TRJsYZIERV26WPB/W8dysTL6N4pM","preKeyId":85}}},"version":"v1"}