{"_sessions":{"BSZ9YPh4dSvruS15AwgZ7YznlqWPdEAeyzVdhcBn8ron":{"registrationId":104,"currentRatchet":{"ephemeralKeyPair":{"pubKey":"BVhawei2UYPxxBREjOcluRX3gd9aB1pYTJFd5+RTLYFL","privKey":"+BsiWCDLzGXoCuMVT9zcGlQ28rHGGsNWtdBIMOt2zHA="},"lastRemoteEphemeralKey":"BRYu1GLF1SKXy5EerPKAtXj2iqUSm7Ow7MdWk6a/cLw6","previousCounter":0,"rootKey":"uDttDyMQk2EAUHwf3+34wTtk6hskx3wGSOE3ZoGu5is="},"indexInfo":{"baseKey":"BSZ9YPh4dSvruS15AwgZ7YznlqWPdEAeyzVdhcBn8ron","baseKeyType":1,"closed":1704163440302,"used":1704163437931,"created":1704163437931,"remoteIdentityKey":"BRKyYH9Sbg27FYaZECsdq4NZe3NXYg0QCzXFyVs1xxYC"},"_chains":{"BVhawei2UYPxxBREjOcluRX3gd9aB1pYTJFd5+RTLYFL":{"chainKey":{"counter":0,"key":"HpIICBE7cguaSXoLLw/uBEOB/ZKlK3ocDL8xBn+NVQs="},"chainType":1,"messageKeys":{}}},"pendingPreKey":{"signedKeyId":1,"baseKey":"BSZ9YPh4dSvruS15AwgZ7YznlqWPdEAeyzVdhcBn8ron","preKeyId":80}},"BQ1FdcMRLTPvaxx8cMlwTkOz3gFVaHrtBYddRKf0r9dM":{"registrationId":104,"currentRatchet":{"ephemeralKeyPair":{"pubKey":"BWnOYvKZ0Y9eGcCb0comCbUuHdEaa8um7otKUqMl50dk","privKey":"UAr1xRBFi5x50gOqvWOUcEnSqThAIMQ9Nmx3LMFn8EE="},"lastRemoteEphemeralKey":"BVi5VbDjBrVLUDM4ibQ/hAcRTDZl/z5r+iRiYNOTDEVn","previousCounter":0,"rootKey":"rWH59m6z8cI0ekmE2FM+gB73lDFaeRCOJNHpqRaQZO0="},"indexInfo":{"baseKey":"BQ1FdcMRLTPvaxx8cMlwTkOz3gFVaHrtBYddRKf0r9dM","baseKeyType":2,"closed":-1,"used":1704163440304,"created":1704163440304,"remoteIdentityKey":"BRKyYH9Sbg27FYaZECsdq4NZe3NXYg0QCzXFyVs1xxYC"},"_chains":{"BVi5VbDjBrVLUDM4ibQ/hAcRTDZl/z5r+iRiYNOTDEVn":{"chainKey":{"counter":0,"key":"fWEIT/CodHN/YbKkuzF+PefGBDP3hrrY6ElbusUt5Zk="},"chainType":2,"messageKeys":{}},"BWnOYvKZ0Y9eGcCb0comCbUuHdEaa8um7otKUqMl50dk":{"chainKey":{"counter":0,"key":"kscmcZuMX+Ej6y9BKCYa9ALEUpxEJhJz+W05GNREMHA="},"chainType":1,"messageKeys":{}}}}},"version":"v1"}