{"_sessions":{"BT2aCE+oPWJVQFIYv8ewjVTKri8vpdo1CQs7c0atVRAd":{"registrationId":387299125,"currentRatchet":{"ephemeralKeyPair":{"pubKey":"BdtzL5/lr85FkKdmRmWUvxY1imgwSRZhUVfbPxQ+Zuc0","privKey":"eDpwcBt8fIK8hHaUWIU1Dll3gzJ+1UYjR5zObaeU3GU="},"lastRemoteEphemeralKey":"Bb7edWPufH/rqOREHTpSPcLwa3R5edlqC05UABYAJ8UM","previousCounter":1,"rootKey":"YeMDk6+uk6OWxqhMyoR7TpG01OZt/lwk2M0MbXeR7Wg="},"indexInfo":{"baseKey":"BT2aCE+oPWJVQFIYv8ewjVTKri8vpdo1CQs7c0atVRAd","baseKeyType":2,"closed":1704132702094,"used":1704126291254,"created":1704126056028,"remoteIdentityKey":"BeUeLFMh61kCFMVr7yYdg/FkvGNgK8uaAT9NtJvVUpAo"},"_chains":{"BWhOhVsRZtjiL8KfFOfNSgxfEPkCQcUQkK5XfigauD8f":{"chainKey":{"counter":5},"chainType":2,"messageKeys":{}},"Bb7edWPufH/rqOREHTpSPcLwa3R5edlqC05UABYAJ8UM":{"chainKey":{"counter":2,"key":"bSmKk6T471cz3ekgklTd4hc+uW5pCMXMCPM+n0H9TWI="},"chainType":2,"messageKeys":{}},"BdtzL5/lr85FkKdmRmWUvxY1imgwSRZhUVfbPxQ+Zuc0":{"chainKey":{"counter":72,"key":"5iE9PKpCzhXiU8cvMz5aA/+Q2YcFC+S000MuDFhZCSM="},"chainType":1,"messageKeys":{}}}},"Ba2maytkZ9pSAZ/feivR6nqr2xpIuGq9g3DfMUqv7rQ6":{"registrationId":387299125,"currentRatchet":{"ephemeralKeyPair":{"pubKey":"BUKSx/oPY+eUDK0XypCVpZUFjlq4KxuogDGpXZGHPphg","privKey":"6Nl2MfFmFT1XkyXDkjSOkKl2Cfycbf9rz3fESFBTW14="},"lastRemoteEphemeralKey":"BUa92qSdafQzFqt6K9g6+B9MvclW+WJfvXnXb9oX4qRH","previousCounter":0,"rootKey":"7hg9qc+totYAwNzMjz5tCUxcSkjw7kgHZReiQWkgWmg="},"indexInfo":{"baseKey":"Ba2maytkZ9pSAZ/feivR6nqr2xpIuGq9g3DfMUqv7rQ6","baseKeyType":1,"closed":1704132702452,"used":1704132702091,"created":1704132702091,"remoteIdentityKey":"BeUeLFMh61kCFMVr7yYdg/FkvGNgK8uaAT9NtJvVUpAo"},"_chains":{"BUKSx/oPY+eUDK0XypCVpZUFjlq4KxuogDGpXZGHPphg":{"chainKey":{"counter":-1,"key":"usqkOrjwUVKpKni8k0+mGHePHl1XyW18CHhf/R4Ubck="},"chainType":1,"messageKeys":{}}},"pendingPreKey":{"signedKeyId":1,"baseKey":"Ba2maytkZ9pSAZ/feivR6nqr2xpIuGq9g3DfMUqv7rQ6","preKeyId":12058419}},"Bd/dj4PxxXl159kf/CKpA59BOfOonFy55nJ5qF/OFyNV":{"registrationId":387299125,"currentRatchet":{"ephemeralKeyPair":{"pubKey":"BfsQ8smzpm6dzj8Jppo1Lj+XRLiuJCC2oyNdPEPvqPhM","privKey":"qAgM8MqBII+8iEQZsDCHwSdtlX70p1vYe3YQMxeLCVk="},"lastRemoteEphemeralKey":"BUa92qSdafQzFqt6K9g6+B9MvclW+WJfvXnXb9oX4qRH","previousCounter":0,"rootKey":"uZXRCh+tGyq21LI4ZuNxjmyqdYdKEELq9NJenQKQIZU="},"indexInfo":{"baseKey":"Bd/dj4PxxXl159kf/CKpA59BOfOonFy55nJ5qF/OFyNV","baseKeyType":1,"closed":1704132702917,"used":1704132702448,"created":1704132702448,"remoteIdentityKey":"BeUeLFMh61kCFMVr7yYdg/FkvGNgK8uaAT9NtJvVUpAo"},"_chains":{"BfsQ8smzpm6dzj8Jppo1Lj+XRLiuJCC2oyNdPEPvqPhM":{"chainKey":{"counter":-1,"key":"BVqKXRWR9fvh7m6cPGFxjBaNv9N7dSf+UzIfB3VVsAY="},"chainType":1,"messageKeys":{}}},"pendingPreKey":{"signedKeyId":1,"baseKey":"Bd/dj4PxxXl159kf/CKpA59BOfOonFy55nJ5qF/OFyNV","preKeyId":12059149}},"BYfjvke2hQ3tSqYV2d/oAECV7CEbtCkDeJZw/Odh/SMS":{"registrationId":387299125,"currentRatchet":{"ephemeralKeyPair":{"pubKey":"Bdz7E26DlAilPH13CNdhAlMc7h1B7TkrexoaatlVhwRy","privKey":"ABWII+ddNf9Kif6waFkRqa085ivgeP5mVDLSrYLKCGU="},"lastRemoteEphemeralKey":"BUa92qSdafQzFqt6K9g6+B9MvclW+WJfvXnXb9oX4qRH","previousCounter":0,"rootKey":"No901s/APqYTRg7dkQQNmcJqf6ZkTZ8izisfhCtxHu8="},"indexInfo":{"baseKey":"BYfjvke2hQ3tSqYV2d/oAECV7CEbtCkDeJZw/Odh/SMS","baseKeyType":1,"closed":1704132703397,"used":1704132702915,"created":1704132702915,"remoteIdentityKey":"BeUeLFMh61kCFMVr7yYdg/FkvGNgK8uaAT9NtJvVUpAo"},"_chains":{"Bdz7E26DlAilPH13CNdhAlMc7h1B7TkrexoaatlVhwRy":{"chainKey":{"counter":-1,"key":"uP7XVUVAZkIwWBSBNaZcG+Ee/JtUMHQGDWlvPiQWnA0="},"chainType":1,"messageKeys":{}}},"pendingPreKey":{"signedKeyId":1,"baseKey":"BYfjvke2hQ3tSqYV2d/oAECV7CEbtCkDeJZw/Odh/SMS","preKeyId":12058467}},"Bd9QX13GrZVEtav/aDYphdALIcq8mFZaC9pin8xgRv0G":{"registrationId":387299125,"currentRatchet":{"ephemeralKeyPair":{"pubKey":"Bdjc3y2tr1SlW8RIgVLw3jZJtOva5MGwKbOsFEK65nx3","privKey":"0NdCXK5+nOuBFHc7wWE30KtM1PZfd4VY5B7572SwYFA="},"lastRemoteEphemeralKey":"BUa92qSdafQzFqt6K9g6+B9MvclW+WJfvXnXb9oX4qRH","previousCounter":0,"rootKey":"Q9KgHfnHra7xtAIcoTPQQxjr773g7giWEwQsDmRewLg="},"indexInfo":{"baseKey":"Bd9QX13GrZVEtav/aDYphdALIcq8mFZaC9pin8xgRv0G","baseKeyType":1,"closed":1704138984973,"used":1704132703395,"created":1704132703395,"remoteIdentityKey":"BeUeLFMh61kCFMVr7yYdg/FkvGNgK8uaAT9NtJvVUpAo"},"_chains":{"Bdjc3y2tr1SlW8RIgVLw3jZJtOva5MGwKbOsFEK65nx3":{"chainKey":{"counter":-1,"key":"64XzRgRYKNa68nswUfI+W3mCsJJmkM/Qe5ixU8521hk="},"chainType":1,"messageKeys":{}}},"pendingPreKey":{"signedKeyId":1,"baseKey":"Bd9QX13GrZVEtav/aDYphdALIcq8mFZaC9pin8xgRv0G","preKeyId":12059184}},"BdqxvxH9yNxWk2ORHJ6tOQdfMAeoQpoekgbjVMkHXfdv":{"registrationId":387299125,"currentRatchet":{"ephemeralKeyPair":{"pubKey":"BfkZuJ5KOBo4ddk+8xbLwYQGvnV7VRAmSKqH3ZDbzxxB","privKey":"SBcKNio07XbaIDMantY/pEPhVDQrFqX5SDlwfyL5RVw="},"lastRemoteEphemeralKey":"BUa92qSdafQzFqt6K9g6+B9MvclW+WJfvXnXb9oX4qRH","previousCounter":0,"rootKey":"DYitUA3x3FE6GNadcQ0aNgSRDkDdAmIEuX6Wteza+Tg="},"indexInfo":{"baseKey":"BdqxvxH9yNxWk2ORHJ6tOQdfMAeoQpoekgbjVMkHXfdv","baseKeyType":1,"closed":1704161398557,"used":1704138984971,"created":1704138984971,"remoteIdentityKey":"BeUeLFMh61kCFMVr7yYdg/FkvGNgK8uaAT9NtJvVUpAo"},"_chains":{"BfkZuJ5KOBo4ddk+8xbLwYQGvnV7VRAmSKqH3ZDbzxxB":{"chainKey":{"counter":500,"key":"HVK2U3l/A8CSxDUpLe9sg/Xf1vk6Lul7To4YbIcdeug="},"chainType":1,"messageKeys":{}}},"pendingPreKey":{"signedKeyId":1,"baseKey":"BdqxvxH9yNxWk2ORHJ6tOQdfMAeoQpoekgbjVMkHXfdv","preKeyId":12058498}},"BfcUVyVLkf8GSEYmGJsMsLezAbIsf2FNBsvPZZ01gWY7":{"registrationId":387299125,"currentRatchet":{"ephemeralKeyPair":{"pubKey":"BdynjlcHG4c41I+Gk7LK/DBg/c26np9HMIjRFxn9NGYu","privKey":"mFv+zG7GOEO9HCrhxCTpcNBCnTBsXhchqWQ8fL7JnkQ="},"lastRemoteEphemeralKey":"BUa92qSdafQzFqt6K9g6+B9MvclW+WJfvXnXb9oX4qRH","previousCounter":0,"rootKey":"Xuaje8yFBr3kE1Rj9V6RIXDRHkw2D+X5URH6rIwsaQM="},"indexInfo":{"baseKey":"BfcUVyVLkf8GSEYmGJsMsLezAbIsf2FNBsvPZZ01gWY7","baseKeyType":1,"closed":1704161407690,"used":1704161398554,"created":1704161398554,"remoteIdentityKey":"BeUeLFMh61kCFMVr7yYdg/FkvGNgK8uaAT9NtJvVUpAo"},"_chains":{"BdynjlcHG4c41I+Gk7LK/DBg/c26np9HMIjRFxn9NGYu":{"chainKey":{"counter":-1,"key":"dTXUQD31w/9f0yZBPR2y1XCVsDDoA52XZqtg2v6JPlc="},"chainType":1,"messageKeys":{}}},"pendingPreKey":{"signedKeyId":1,"baseKey":"BfcUVyVLkf8GSEYmGJsMsLezAbIsf2FNBsvPZZ01gWY7","preKeyId":12059171}},"BTgPuPhvzF6riG0+bzqWShPperBJiEfrDQ9djfbNDIdo":{"registrationId":387299125,"currentRatchet":{"ephemeralKeyPair":{"pubKey":"BbOBo+Jd82GBmjNJD9H4efygCkqDpvlnvVs/a7UjaikD","privKey":"yB/k8fHDy87jT0Wx25PYKXh2zF20Mh+nspNxiypF9Wk="},"lastRemoteEphemeralKey":"BUa92qSdafQzFqt6K9g6+B9MvclW+WJfvXnXb9oX4qRH","previousCounter":0,"rootKey":"2x27sGRnGMXdwym/QW7mu2HuWVbEJ+k3bMTkc68Rwmg="},"indexInfo":{"baseKey":"BTgPuPhvzF6riG0+bzqWShPperBJiEfrDQ9djfbNDIdo","baseKeyType":1,"closed":1704161602547,"used":1704161407688,"created":1704161407688,"remoteIdentityKey":"BeUeLFMh61kCFMVr7yYdg/FkvGNgK8uaAT9NtJvVUpAo"},"_chains":{"BbOBo+Jd82GBmjNJD9H4efygCkqDpvlnvVs/a7UjaikD":{"chainKey":{"counter":1,"key":"XJiRgtIUb4RwnqXAEpDNYoOFKPZQIwe5Tu2WkT4cpZk="},"chainType":1,"messageKeys":{}}},"pendingPreKey":{"signedKeyId":1,"baseKey":"BTgPuPhvzF6riG0+bzqWShPperBJiEfrDQ9djfbNDIdo","preKeyId":12059191}},"BXoMIORzih6KzhUgUfBULTAh+jn/gCrYGZSVhmNdEOUf":{"registrationId":387299125,"currentRatchet":{"ephemeralKeyPair":{"pubKey":"BcuCQxNUNrSWxHZp/8s3iTGO51RauFT5Ui9F/k3RPfM2","privKey":"qLmNIZi/39NPyy1sqQQQmnTh3JW3AbfrFee6PNO0Q24="},"lastRemoteEphemeralKey":"BUa92qSdafQzFqt6K9g6+B9MvclW+WJfvXnXb9oX4qRH","previousCounter":0,"rootKey":"EvC1qBn2Z1uevIlX7G89IH28z01Q6qsl95fpVpn6pys="},"indexInfo":{"baseKey":"BXoMIORzih6KzhUgUfBULTAh+jn/gCrYGZSVhmNdEOUf","baseKeyType":1,"closed":1704161612244,"used":1704161602544,"created":1704161602544,"remoteIdentityKey":"BeUeLFMh61kCFMVr7yYdg/FkvGNgK8uaAT9NtJvVUpAo"},"_chains":{"BcuCQxNUNrSWxHZp/8s3iTGO51RauFT5Ui9F/k3RPfM2":{"chainKey":{"counter":-1,"key":"96YVAblUX84dYctbmugGHhBZHgQ9CQZFj0yb0k7hLaQ="},"chainType":1,"messageKeys":{}}},"pendingPreKey":{"signedKeyId":1,"baseKey":"BXoMIORzih6KzhUgUfBULTAh+jn/gCrYGZSVhmNdEOUf","preKeyId":12058465}},"Bf4GxI+ujOxTX0tNoSA+dfIfRp6hbYF9E/Sn/t1/yG1H":{"registrationId":387299125,"currentRatchet":{"ephemeralKeyPair":{"pubKey":"BeQBp3ujzEDivkEoBTL5x4ccYSbE2E8AUjYLVVdg3TkJ","privKey":"8IhZX3vQSsCnG2seFMb47mgazIgm+n+WhXUlmNiI3lQ="},"lastRemoteEphemeralKey":"BUa92qSdafQzFqt6K9g6+B9MvclW+WJfvXnXb9oX4qRH","previousCounter":0,"rootKey":"/thsofDPCmrpaRfoEw60Li0iWBHRrxlSA+xqMLYdP+o="},"indexInfo":{"baseKey":"Bf4GxI+ujOxTX0tNoSA+dfIfRp6hbYF9E/Sn/t1/yG1H","baseKeyType":1,"closed":1704161618995,"used":1704161612240,"created":1704161612240,"remoteIdentityKey":"BeUeLFMh61kCFMVr7yYdg/FkvGNgK8uaAT9NtJvVUpAo"},"_chains":{"BeQBp3ujzEDivkEoBTL5x4ccYSbE2E8AUjYLVVdg3TkJ":{"chainKey":{"counter":-1,"key":"XdDVAayfoR/dXiMAGVstkjhPRziWMWGTS/Lk62akiaE="},"chainType":1,"messageKeys":{}}},"pendingPreKey":{"signedKeyId":1,"baseKey":"Bf4GxI+ujOxTX0tNoSA+dfIfRp6hbYF9E/Sn/t1/yG1H","preKeyId":12059168}},"BZXJzSvimi7bq65S721ByXqsY5vHJy3c4XcxbEExNok2":{"registrationId":387299125,"currentRatchet":{"ephemeralKeyPair":{"pubKey":"BUoOdwmB6Ldrs4tyosJg73rRh8EaWw5WvNNGhdFjkFZ6","privKey":"0DMhYmR28ZA1XWIcYMkBzkorpJFfpi6VvNC4P7VuXmI="},"lastRemoteEphemeralKey":"BUa92qSdafQzFqt6K9g6+B9MvclW+WJfvXnXb9oX4qRH","previousCounter":0,"rootKey":"yzs1dqxuAr7KUmEmpMX4rpw/tbQvGCQB2wgQELuk+ss="},"indexInfo":{"baseKey":"BZXJzSvimi7bq65S721ByXqsY5vHJy3c4XcxbEExNok2","baseKeyType":1,"closed":1704161639225,"used":1704161618990,"created":1704161618990,"remoteIdentityKey":"BeUeLFMh61kCFMVr7yYdg/FkvGNgK8uaAT9NtJvVUpAo"},"_chains":{"BUoOdwmB6Ldrs4tyosJg73rRh8EaWw5WvNNGhdFjkFZ6":{"chainKey":{"counter":-1,"key":"y7gMSdFxnB5QNRxJN1uCKHeAgq6ZjeHoc6oxGnRleqQ="},"chainType":1,"messageKeys":{}}},"pendingPreKey":{"signedKeyId":1,"baseKey":"BZXJzSvimi7bq65S721ByXqsY5vHJy3c4XcxbEExNok2","preKeyId":12058464}},"BamZAKdIZGC1TsSkqRbRdAGiJBXAVJPjyIwoRyKxav8e":{"registrationId":387299125,"currentRatchet":{"ephemeralKeyPair":{"pubKey":"BeTBEwA5qoWiHjAKXsq7E30yyoYvXw7c1ukjwMrJn+J8","privKey":"eH/QTeRRDAnOrRMaNudA4+8Fq5qEd2VKhK6VNqiZuV0="},"lastRemoteEphemeralKey":"BUa92qSdafQzFqt6K9g6+B9MvclW+WJfvXnXb9oX4qRH","previousCounter":0,"rootKey":"bQGFszaYCBIxtJcmYyyhJ0pXWYYl/uGj/TyoxUbXjRc="},"indexInfo":{"baseKey":"BamZAKdIZGC1TsSkqRbRdAGiJBXAVJPjyIwoRyKxav8e","baseKeyType":1,"closed":1704163439097,"used":1704161639222,"created":1704161639222,"remoteIdentityKey":"BeUeLFMh61kCFMVr7yYdg/FkvGNgK8uaAT9NtJvVUpAo"},"_chains":{"BeTBEwA5qoWiHjAKXsq7E30yyoYvXw7c1ukjwMrJn+J8":{"chainKey":{"counter":122,"key":"qWVrA1YOOH85UTT3oNNXu+2kou9pikjAlyNjKiyq7a4="},"chainType":1,"messageKeys":{}}},"pendingPreKey":{"signedKeyId":1,"baseKey":"BamZAKdIZGC1TsSkqRbRdAGiJBXAVJPjyIwoRyKxav8e","preKeyId":12059198}},"BeVKUx0Dwf5X7Fuu7QXwILPHRWr6Vi+nqiPdZxXxoC91":{"registrationId":387299125,"currentRatchet":{"ephemeralKeyPair":{"pubKey":"BZFCGBN7u7eA55P9aPwgEBx5Kzb/LX+mU7SW7ggyELA8","privKey":"YHS0EbPumqViyqoJ1Vdj+LI30CLBokLat2SC0ifjm00="},"lastRemoteEphemeralKey":"BUa92qSdafQzFqt6K9g6+B9MvclW+WJfvXnXb9oX4qRH","previousCounter":0,"rootKey":"CNTjUvtbUVUG6668W7c/31M2tJzHSd8u6VV+8pgb3lI="},"indexInfo":{"baseKey":"BeVKUx0Dwf5X7Fuu7QXwILPHRWr6Vi+nqiPdZxXxoC91","baseKeyType":1,"closed":1704163487432,"used":1704163439095,"created":1704163439095,"remoteIdentityKey":"BeUeLFMh61kCFMVr7yYdg/FkvGNgK8uaAT9NtJvVUpAo"},"_chains":{"BZFCGBN7u7eA55P9aPwgEBx5Kzb/LX+mU7SW7ggyELA8":{"chainKey":{"counter":-1,"key":"tIpEhqc6dgbYhLlc5zyhYqkja5YQ6H9c8mzcMqrlMaI="},"chainType":1,"messageKeys":{}}},"pendingPreKey":{"signedKeyId":1,"baseKey":"BeVKUx0Dwf5X7Fuu7QXwILPHRWr6Vi+nqiPdZxXxoC91","preKeyId":12058437}},"BVsOO7axUDKwdah1B8eNKThHJ6fvMN9w64lKOASzb98I":{"registrationId":387299125,"currentRatchet":{"ephemeralKeyPair":{"pubKey":"BUSAiYSnIfNNpAbKyTvM8BmdcAfZH0ih7Hj7uNGjzGhI","privKey":"mB4NTNGsBWFRoSTXhTYySRkm/rjhXYwmZDIVxYUpe2I="},"lastRemoteEphemeralKey":"BUa92qSdafQzFqt6K9g6+B9MvclW+WJfvXnXb9oX4qRH","previousCounter":0,"rootKey":"5YwchAm3WqbRg8nS4rx0vsqeoE60ATHhapPwiHBa09Q="},"indexInfo":{"baseKey":"BVsOO7axUDKwdah1B8eNKThHJ6fvMN9w64lKOASzb98I","baseKeyType":1,"closed":1704163547490,"used":1704163487429,"created":1704163487429,"remoteIdentityKey":"BeUeLFMh61kCFMVr7yYdg/FkvGNgK8uaAT9NtJvVUpAo"},"_chains":{"BUSAiYSnIfNNpAbKyTvM8BmdcAfZH0ih7Hj7uNGjzGhI":{"chainKey":{"counter":1,"key":"PUBCecUKH060Z/mmrva+tE2KFvnaMrCHFK/u4i4b1nI="},"chainType":1,"messageKeys":{}}},"pendingPreKey":{"signedKeyId":1,"baseKey":"BVsOO7axUDKwdah1B8eNKThHJ6fvMN9w64lKOASzb98I","preKeyId":12058509}},"Ba1gruci02Ehp3m9qBA0DLczk57NCl3OROXOas29e7FL":{"registrationId":387299125,"currentRatchet":{"ephemeralKeyPair":{"pubKey":"BZuyimhw9dQwOS9DalXLrrmhMhm/zdvvFBdJHZFsSdI7","privKey":"WIH4r9mqSrWOB77e/8U/HhcV/qwQOybYu/9VoLrkS3I="},"lastRemoteEphemeralKey":"BUa92qSdafQzFqt6K9g6+B9MvclW+WJfvXnXb9oX4qRH","previousCounter":0,"rootKey":"WoJ9m5S014o3tDCmHBxi7G6rFOFcMvcezTc8qR5a57I="},"indexInfo":{"baseKey":"Ba1gruci02Ehp3m9qBA0DLczk57NCl3OROXOas29e7FL","baseKeyType":1,"closed":-1,"used":1704163547488,"created":1704163547488,"remoteIdentityKey":"BeUeLFMh61kCFMVr7yYdg/FkvGNgK8uaAT9NtJvVUpAo"},"_chains":{"BZuyimhw9dQwOS9DalXLrrmhMhm/zdvvFBdJHZFsSdI7":{"chainKey":{"counter":409,"key":"iWLAr0coVHr7wvraYbHKPjezk9NEFntMtsvOKzCTcn0="},"chainType":1,"messageKeys":{}}},"pendingPreKey":{"signedKeyId":1,"baseKey":"Ba1gruci02Ehp3m9qBA0DLczk57NCl3OROXOas29e7FL","preKeyId":12059224}}},"version":"v1"}