{"_sessions":{"BaYC5KbdMpBg5cHsJQSPQ8EDRjoUCZPfx7Q60j6MuPdx":{"registrationId":1669384289,"currentRatchet":{"ephemeralKeyPair":{"pubKey":"Be2bVtPAKFatWEULA2Ju0POgCjf0kggxtVzGv4uBBXc+","privKey":"GLB4GRkZgjBnq+fLdppn04hUNVMvlwtezJJHu6z77nQ="},"lastRemoteEphemeralKey":"BS0PUTvt0uopbzQJDd6bALnvaZmXNMuj/mVvinDVFd9F","previousCounter":1,"rootKey":"OYyUIDKoM9R8nch/yXz0XDvXQiAY1kWYcRTDnJgZqhY="},"indexInfo":{"baseKey":"BaYC5KbdMpBg5cHsJQSPQ8EDRjoUCZPfx7Q60j6MuPdx","baseKeyType":1,"closed":-1,"used":1704139459071,"created":1704132688823,"remoteIdentityKey":"BelrvlIsWYdiZpP+pvGioQaCd7dEdeGEN5nS+0k4RfpA"},"_chains":{"BS0PUTvt0uopbzQJDd6bALnvaZmXNMuj/mVvinDVFd9F":{"chainKey":{"counter":0,"key":"tzIhKL0xDxtapZSZLTB9fcEvTmRc12RH/0hHU6Zo+48="},"chainType":2,"messageKeys":{}},"Be2bVtPAKFatWEULA2Ju0POgCjf0kggxtVzGv4uBBXc+":{"chainKey":{"counter":6,"key":"wACv9uNGX9sggO+WGH2jzF0JJfC+uxFyNjG/HU3DG7A="},"chainType":1,"messageKeys":{}}}}},"version":"v1"}