{"_sessions":{"BX+wVWQ0a6tf5ahsJ9dzacThSZ4W6jPjWfNKp6z8MAtM":{"registrationId":2045516466,"currentRatchet":{"ephemeralKeyPair":{"pubKey":"BVX0Bxuh6UoZS43KmhEpRgqsmQC3uuOse6BmdWPi9SZK","privKey":"0BdcgGtEf/hKrVudQx/pbNGnAz4doK5YNFqdaKOwims="},"lastRemoteEphemeralKey":"BWha6CCSDz++kwByohPUcbHku1VpzhnGAM4Y3IWiBFdH","previousCounter":0,"rootKey":"DP30EWGFiAqxJ4ZGXziY8p0hlJiMmSDKvZ7qMVNBr/o="},"indexInfo":{"baseKey":"BX+wVWQ0a6tf5ahsJ9dzacThSZ4W6jPjWfNKp6z8MAtM","baseKeyType":1,"closed":-1,"used":1704132688647,"created":1704132688647,"remoteIdentityKey":"BQrEpRLFXOWcJ/IISuUkmLOkgswuzD69OtO5Cpo0xBIr"},"_chains":{"BVX0Bxuh6UoZS43KmhEpRgqsmQC3uuOse6BmdWPi9SZK":{"chainKey":{"counter":10,"key":"Ol/wg9mImp1XIIPu0TDGU146p4j6OKaq6PGcjRJvuRc="},"chainType":1,"messageKeys":{}}},"pendingPreKey":{"signedKeyId":12,"baseKey":"BX+wVWQ0a6tf5ahsJ9dzacThSZ4W6jPjWfNKp6z8MAtM","preKeyId":13153715}}},"version":"v1"}