{"_sessions":{"BR2mjsGBD4Fn0YKbVSjspEs5LPMqZJWEoJQ19lVng0Zi":{"registrationId":1264661742,"currentRatchet":{"ephemeralKeyPair":{"pubKey":"BV+os/3YyXTxsJRnYXWu8o5UzBhPXG+YKVNUbEFhxQJc","privKey":"QHovPTm3k68ZZGZSkVpNAG/8f0nQmWqY5L2ZGAnlmVo="},"lastRemoteEphemeralKey":"BdUrgu9jlvpZEhwJzfTzE0Xe4ByZW9aL4aZsPA96yqt5","previousCounter":0,"rootKey":"2e121DV/b99FvwN5WMmeIlV08QblzCLcd/z0zXHCAkk="},"indexInfo":{"baseKey":"BR2mjsGBD4Fn0YKbVSjspEs5LPMqZJWEoJQ19lVng0Zi","baseKeyType":1,"closed":-1,"used":1704163485833,"created":1704163485833,"remoteIdentityKey":"BcCpC9KMJKdxMK4XPiW0WchOWp5TmuNZ3AZX2Ov0/tFp"},"_chains":{"BV+os/3YyXTxsJRnYXWu8o5UzBhPXG+YKVNUbEFhxQJc":{"chainKey":{"counter":1,"key":"j8Vodh9o40saWoVx0Vvi7P5x7j+kgot/MPP0lZwCdX0="},"chainType":1,"messageKeys":{}}},"pendingPreKey":{"signedKeyId":0,"baseKey":"BR2mjsGBD4Fn0YKbVSjspEs5LPMqZJWEoJQ19lVng0Zi","preKeyId":719621}}},"version":"v1"}