{"_sessions":{"BcFG9eobL14TcesSVtHweKyO0pdLb4qEWvi/L3JaB1c1":{"registrationId":448750965,"currentRatchet":{"ephemeralKeyPair":{"pubKey":"BcVjNJR0uourtewlowBG1/v2bURieNvLIc9/pdn3hGsH","privKey":"AKgKz08rn72KkWfelq/Ok6jtLTHBdWQiV+b5p1YPO1I="},"lastRemoteEphemeralKey":"BXlF1ATIdivSZqtinlZ9mC1tp9Do7pcg78ys2v/m+5cn","previousCounter":0,"rootKey":"yS0LsmPRYeuisZhY6EP0TpETnKvnJ4CV9ql6vzCrYeM="},"indexInfo":{"baseKey":"BcFG9eobL14TcesSVtHweKyO0pdLb4qEWvi/L3JaB1c1","baseKeyType":1,"closed":-1,"used":1704132688921,"created":1704132688921,"remoteIdentityKey":"BfL3SnwCEWEGzmKPEX5QSysK3SfmmJ+QBkhO1BaDOiEv"},"_chains":{"BcVjNJR0uourtewlowBG1/v2bURieNvLIc9/pdn3hGsH":{"chainKey":{"counter":8,"key":"vnolui2TrgCkbOKYWbXDhMigZzd85j4xw9jRSTuzqIw="},"chainType":1,"messageKeys":{}}},"pendingPreKey":{"signedKeyId":0,"baseKey":"BcFG9eobL14TcesSVtHweKyO0pdLb4qEWvi/L3JaB1c1"}}},"version":"v1"}