{"_sessions":{"BVKdv2aKCizOZEGSHJykqyZVmceRoFzZxVdEY9sapwBR":{"registrationId":1510480766,"currentRatchet":{"ephemeralKeyPair":{"pubKey":"BQ+MxuqXaY0qDdy7Vu2b1AfHiBgZdmn0dTCTU3Xnllh9","privKey":"UKIlr2rh3Z+2/UlnL+pmdG8WFtxyY2tb0Zrw8kdvb0U="},"lastRemoteEphemeralKey":"BbrHQw/d/L6UPKOwh8F1eweut6+bt9fllXgaxbhCQzU0","previousCounter":0,"rootKey":"E3bugnx0shHv13op4IlWLQ4ug2fDKejjGcigbkZJMkY="},"indexInfo":{"baseKey":"BVKdv2aKCizOZEGSHJykqyZVmceRoFzZxVdEY9sapwBR","baseKeyType":1,"closed":-1,"used":1704163485844,"created":1704163485844,"remoteIdentityKey":"BZKJsE5Z8L2Q/RDmWrxCEfbVZKrG1/zWU9ucTVMcJoNN"},"_chains":{"BQ+MxuqXaY0qDdy7Vu2b1AfHiBgZdmn0dTCTU3Xnllh9":{"chainKey":{"counter":1,"key":"n1edyiRNh/vB8ZecPcUbXR7bFclQ2yzmCHyRD0D9faw="},"chainType":1,"messageKeys":{}}},"pendingPreKey":{"signedKeyId":5,"baseKey":"BVKdv2aKCizOZEGSHJykqyZVmceRoFzZxVdEY9sapwBR","preKeyId":12188707}}},"version":"v1"}