{"_sessions":{"BdppH9bi2IKTbcK4snMt+G3pRwlbePySlh4ZnDtK6wUs":{"registrationId":2062697878,"currentRatchet":{"ephemeralKeyPair":{"pubKey":"BQG+J6g68hsXqIvMo3O68B9RULGNrba9zxGHioZFM8g3","privKey":"uMckTW7yRPBUXVlEs3Ztg2LJ+MFAixfEo78neVT/qmA="},"lastRemoteEphemeralKey":"BaFw3ksQvauJXLvbKL739rxjnPyqnBUc0mzqNaQTi1FD","previousCounter":0,"rootKey":"2CRm7KIXQMiLmlheM3fElHKU2Ig119MGqgYB4v/f2Gw="},"indexInfo":{"baseKey":"BdppH9bi2IKTbcK4snMt+G3pRwlbePySlh4ZnDtK6wUs","baseKeyType":1,"closed":-1,"used":1704163486049,"created":1704163486049,"remoteIdentityKey":"BRL65Rp43VTlJHlIbRjzlkpCWKOHOYNx2UxXwTCh6zEB"},"_chains":{"BQG+J6g68hsXqIvMo3O68B9RULGNrba9zxGHioZFM8g3":{"chainKey":{"counter":1,"key":"5SuHMlmKLT8QDOXvRtufu+bXPoY1foiq24O+4j2pKcQ="},"chainType":1,"messageKeys":{}}},"pendingPreKey":{"signedKeyId":32,"baseKey":"BdppH9bi2IKTbcK4snMt+G3pRwlbePySlh4ZnDtK6wUs","preKeyId":11100719}}},"version":"v1"}