{"_sessions":{"BU5JUUU4ugwLq16bS6jyzUZrXoKNI0Tw1T3D4NMB6A19":{"registrationId":1573125472,"currentRatchet":{"ephemeralKeyPair":{"pubKey":"BbywAyUHO9IENCneqoZYqvq0st4/LMq6y0/kvwttcr9q","privKey":"EOXXLvf+ksLGbQ1FHeEmG/q1bd1Rb4XTh0P8uET9LFA="},"lastRemoteEphemeralKey":"BbmstWQJmf4bi7Hq1/g3Fh67x8fh/s5yNSI+VpWp51xr","previousCounter":0,"rootKey":"GWInc8U8ctG1OU4kpmzgnXg+eqLL28fMvIGuM4uOtBE="},"indexInfo":{"baseKey":"BU5JUUU4ugwLq16bS6jyzUZrXoKNI0Tw1T3D4NMB6A19","baseKeyType":2,"closed":-1,"used":1704161651750,"created":1704161651750,"remoteIdentityKey":"BTKldtDtCjpUSK9QZ0aug/gTI263rC6cKngMjbbQrCob"},"_chains":{"BbmstWQJmf4bi7Hq1/g3Fh67x8fh/s5yNSI+VpWp51xr":{"chainKey":{"counter":0,"key":"Ty4q7BX48rvAfNg29Cwg+DAOzr6yU9lmjkAkyHgDw1Y="},"chainType":2,"messageKeys":{}},"BbywAyUHO9IENCneqoZYqvq0st4/LMq6y0/kvwttcr9q":{"chainKey":{"counter":1,"key":"5gyBKh8gZqtYH027IV5miUWIdgsnTNBrQ8aUrw3guuA="},"chainType":1,"messageKeys":{}}}}},"version":"v1"}