{"_sessions":{"BRJUK8T1MzdibiKuu5Cez5IqnPReS6im3ReKK9r2pSdX":{"registrationId":2057209817,"currentRatchet":{"ephemeralKeyPair":{"pubKey":"Bfq5G/5YjUwoRO3iE6foB4aafkUJDu+zqjgqox1Cjoll","privKey":"WAaLdcv/EaLOFqSuUaWAUVF0QHHSvFSaPIki7wzsgFU="},"lastRemoteEphemeralKey":"BVGNTl2wpdIRRkyS4iALJqnt98qiYKUawR0lIalha4t+","previousCounter":0,"rootKey":"FUEpEKt8MH7dN1U+D+xmv1Wy1GnN3VDCRFOYPLeG8WU="},"indexInfo":{"baseKey":"BRJUK8T1MzdibiKuu5Cez5IqnPReS6im3ReKK9r2pSdX","baseKeyType":1,"closed":-1,"used":1704132688858,"created":1704132688858,"remoteIdentityKey":"Bfvjo3K3MiWh13bmy6Syke109mX8eQAGYTf8loop7HNQ"},"_chains":{"Bfq5G/5YjUwoRO3iE6foB4aafkUJDu+zqjgqox1Cjoll":{"chainKey":{"counter":8,"key":"D5t51Aa9Suqyb6vrLLYBa/0xSgS0plfsDCzG5i/PgKc="},"chainType":1,"messageKeys":{}}},"pendingPreKey":{"signedKeyId":6,"baseKey":"BRJUK8T1MzdibiKuu5Cez5IqnPReS6im3ReKK9r2pSdX","preKeyId":2392536}}},"version":"v1"}