{"_sessions":{"BVkOGRSu8gLnlLM5DtpFwBpiqgFYUx0WGvZiBSFWHmRT":{"registrationId":2,"currentRatchet":{"ephemeralKeyPair":{"pubKey":"BRk0N/X5j4yIfiZf+NIneayhZgAAuAuvxpvsSajqhKxC","privKey":"AL7ZX9JkAZY6Pb6iSA6WwN8g0kwtf7DIvim+QFsYeno="},"lastRemoteEphemeralKey":"BZ6Idf1BdC02frCYkC4OV4fcskj1lRZpNzrcEEJdMKdS","previousCounter":0,"rootKey":"mtK1hjmBJLNkjcvHHlHhpfnlk44kDXq58PB3lhefQWw="},"indexInfo":{"baseKey":"BVkOGRSu8gLnlLM5DtpFwBpiqgFYUx0WGvZiBSFWHmRT","baseKeyType":1,"closed":-1,"used":1704174664953,"created":1704174664953,"remoteIdentityKey":"Bd27adtxKaUiB413Xac0V1HuYZUhWzPgGtPZKlKE9Pon"},"_chains":{"BRk0N/X5j4yIfiZf+NIneayhZgAAuAuvxpvsSajqhKxC":{"chainKey":{"counter":0,"key":"9ZQL1XxS4XxnQW+qT8YIEVpz2eb/GrXqeqbmpd/XHK8="},"chainType":1,"messageKeys":{}}},"pendingPreKey":{"signedKeyId":1,"baseKey":"BVkOGRSu8gLnlLM5DtpFwBpiqgFYUx0WGvZiBSFWHmRT"}}},"version":"v1"}