{"_sessions":{"BdbNSajuGS0PwpdQJfhmEbBxWTGb9y+sZik1mPQu+9A9":{"registrationId":903504245,"currentRatchet":{"ephemeralKeyPair":{"pubKey":"BRYNr74nPTw8OXVPIITfsU0TbRhOOwQYs6MPWiNTybhk","privKey":"0CwFqJVVRLinc/CNh3bpivqtoY6RAlJEas8/JeSZ128="},"lastRemoteEphemeralKey":"Bd9cPRGQF4pWeaUbiRdPISuYvoI5d5fusUTiknkoxYlN","previousCounter":0,"rootKey":"ZoUcN4Jo8ErPatpOYwZBb25S7y8CxNK7ciCQ8SOE7l4="},"indexInfo":{"baseKey":"BdbNSajuGS0PwpdQJfhmEbBxWTGb9y+sZik1mPQu+9A9","baseKeyType":1,"closed":-1,"used":1704163485757,"created":1704163485757,"remoteIdentityKey":"BRIZARvT/9PDJNmoynFUSLbYk8AtiMjRkux5OdVtDCIu"},"_chains":{"BRYNr74nPTw8OXVPIITfsU0TbRhOOwQYs6MPWiNTybhk":{"chainKey":{"counter":1,"key":"d9R52DbsEqH5uw+3Gx7NQZlHT+vszPSyWWheVIZzCAs="},"chainType":1,"messageKeys":{}}},"pendingPreKey":{"signedKeyId":9,"baseKey":"BdbNSajuGS0PwpdQJfhmEbBxWTGb9y+sZik1mPQu+9A9","preKeyId":14607723}}},"version":"v1"}