{"_sessions":{"BfiKwfxbBWtbZjmLvPtsernzC5+/Vy7zivIJL1O56aty":{"registrationId":1153597666,"currentRatchet":{"ephemeralKeyPair":{"pubKey":"BeBTi1xWG3h0Bd3Rg8Z/4ElNIw2fz3grl6wB0Yv6Athw","privKey":"yDZpEEEtKhyTiB6aogmv0/VdSXXMNj79lNPl+eOoc3k="},"lastRemoteEphemeralKey":"BbOIMAZtD4v8HySqdDw3im2dQSm5zSycxJPAu9yDpcVC","previousCounter":1,"rootKey":"FTW46cPkBsnJqnIgh9Y+ZfT5cZuXNtxkNWNg4SPxJEk="},"indexInfo":{"baseKey":"BfiKwfxbBWtbZjmLvPtsernzC5+/Vy7zivIJL1O56aty","baseKeyType":1,"closed":-1,"used":1704171830843,"created":1704163437946,"remoteIdentityKey":"BU6Rc/Gp47nx8z0VFV32UgKuG/8X/OIWs83S4GbBe0Ak"},"_chains":{"BbOIMAZtD4v8HySqdDw3im2dQSm5zSycxJPAu9yDpcVC":{"chainKey":{"counter":0,"key":"GTHYsCheyVvwPT1/4tr4fQsuF/JbU4+XDm5ZcDhksdc="},"chainType":2,"messageKeys":{}},"BeBTi1xWG3h0Bd3Rg8Z/4ElNIw2fz3grl6wB0Yv6Athw":{"chainKey":{"counter":-1,"key":"iIPRqEpzpNPC7UjOxVr5dl6VXUF3m3nTVYUI4OMrub0="},"chainType":1,"messageKeys":{}}}}},"version":"v1"}