{"_sessions":{"BW8loY+vM4VhXrqYh3VDlcmpiLN5uMjqwbg4wmNEUOcH":{"registrationId":1242959310,"currentRatchet":{"ephemeralKeyPair":{"pubKey":"BeQY+rHq63jFNYXb1wB424v0OngsFVMJSj/s0Xmgt2xQ","privKey":"EAoEm02Cjl9nL98zJpcBOkRPE5OZbuKlqEKhvumWdEc="},"lastRemoteEphemeralKey":"BdoSJiscVYl5uzX1/yVDOTkaI/lQ+yUUf1GDOuf9r9lQ","previousCounter":0,"rootKey":"ylT7T5jGvKvt022FWdyHJQChPwbrde7Fsbhq8X7H4a4="},"indexInfo":{"baseKey":"BW8loY+vM4VhXrqYh3VDlcmpiLN5uMjqwbg4wmNEUOcH","baseKeyType":1,"closed":-1,"used":1704163485739,"created":1704163485739,"remoteIdentityKey":"BXmLqMto1shUaI62VfLIziqJRT/jebbgnukr0pidLMIf"},"_chains":{"BeQY+rHq63jFNYXb1wB424v0OngsFVMJSj/s0Xmgt2xQ":{"chainKey":{"counter":1,"key":"gCaz2kZ18clKRTuUb7sH/e94cfY4wlDKZlCALwvEmys="},"chainType":1,"messageKeys":{}}},"pendingPreKey":{"signedKeyId":0,"baseKey":"BW8loY+vM4VhXrqYh3VDlcmpiLN5uMjqwbg4wmNEUOcH"}}},"version":"v1"}