{"_sessions":{"BTrf8zOQpowpGi/lXBA+TWBKH1PMc/lc7BM4L+Ex274F":{"registrationId":209966194,"currentRatchet":{"ephemeralKeyPair":{"pubKey":"BdZlakXV6MsGkISMe7AqU/e6NPIxW8HdiVPUfPulvMUy","privKey":"ePyyEnysPr018+p70XFPw2zU9ppNMKYj62NbqiCW/ms="},"lastRemoteEphemeralKey":"BRUXCqdycTUTKA8l7vII3NIZqd1q8GVN2w+Lnp0NPaZm","previousCounter":0,"rootKey":"s5cGjkhgY//MQ4Vp4UN9yuctu9jL6pip2TzYD8Z4yRs="},"indexInfo":{"baseKey":"BTrf8zOQpowpGi/lXBA+TWBKH1PMc/lc7BM4L+Ex274F","baseKeyType":1,"closed":-1,"used":1704163485659,"created":1704163485659,"remoteIdentityKey":"BSD9FMAgqSEY2K750es9WY2QT45Y9fB6hyLfi4q0OJlL"},"_chains":{"BdZlakXV6MsGkISMe7AqU/e6NPIxW8HdiVPUfPulvMUy":{"chainKey":{"counter":1,"key":"ZpaFCzzZwm911oAtwFh/2ZsXeEyjl1Q4ae5IsxacqvQ="},"chainType":1,"messageKeys":{}}},"pendingPreKey":{"signedKeyId":6,"baseKey":"BTrf8zOQpowpGi/lXBA+TWBKH1PMc/lc7BM4L+Ex274F","preKeyId":498949}}},"version":"v1"}