{"_sessions":{"Bc9xnx8A91Bg7JO08NWIA4YMc/f+QVg5coXcjj6fwqo1":{"registrationId":1631540747,"currentRatchet":{"ephemeralKeyPair":{"pubKey":"BXEp2w77XoTpWcE9so7pYlH0yO7uno8nFIaAHrgV+yYl","privKey":"MAmZKIL26JgqyJClx38L04kemSP0zgsBPaYPJC0V93Y="},"lastRemoteEphemeralKey":"BTMw0mRXk5862lVt0b0hkLorFtLd4aJxc/p52YX8WARf","previousCounter":0,"rootKey":"xc+VNxpqDd1ruSP6nc2Gb9WfxCvNg9zQKjPxoL5RZMs="},"indexInfo":{"baseKey":"Bc9xnx8A91Bg7JO08NWIA4YMc/f+QVg5coXcjj6fwqo1","baseKeyType":1,"closed":-1,"used":1704132688952,"created":1704132688952,"remoteIdentityKey":"BdGBtGYLmeCZqmJRW1/Zo5f2ON4jVDX7oWq+9opAIIZw"},"_chains":{"BXEp2w77XoTpWcE9so7pYlH0yO7uno8nFIaAHrgV+yYl":{"chainKey":{"counter":8,"key":"U/YjF0zCmZtBr0yvCYPk+Eh6C6w+Xnaluy1nM9DSseE="},"chainType":1,"messageKeys":{}}},"pendingPreKey":{"signedKeyId":6,"baseKey":"Bc9xnx8A91Bg7JO08NWIA4YMc/f+QVg5coXcjj6fwqo1","preKeyId":10997229}}},"version":"v1"}