{"_sessions":{"BV7any2Yvmo/PJTEMfoFaVZ0m4l+R6u0Dq5csPQfB3VB":{"registrationId":668824970,"currentRatchet":{"ephemeralKeyPair":{"pubKey":"BSGgJLjT153Y/LztfDNB2/4pPCe8iDB7+lI01OHxBEsB","privKey":"SMeV+UGIa06sShitrk58x6iLluMEPDdlde+AlOJ9u1c="},"lastRemoteEphemeralKey":"BdOMp3Ioh9HtK40c4ufiq1wIcLAJrfSfkSPN/omTGh41","previousCounter":0,"rootKey":"+ErJIAxjmEbE0OWQLQDhnFTpqhBTnubjtoGwacENFYM="},"indexInfo":{"baseKey":"BV7any2Yvmo/PJTEMfoFaVZ0m4l+R6u0Dq5csPQfB3VB","baseKeyType":1,"closed":-1,"used":1704132688844,"created":1704132688844,"remoteIdentityKey":"BfGwoI67fN92uaazwFmYRu91VHmfAF1es1HoRCMQXNod"},"_chains":{"BSGgJLjT153Y/LztfDNB2/4pPCe8iDB7+lI01OHxBEsB":{"chainKey":{"counter":8,"key":"SM4VGXZWLdOqhJDPIkBbXtGG/1ZCH7MUtqtM9SayzuE="},"chainType":1,"messageKeys":{}}},"pendingPreKey":{"signedKeyId":5,"baseKey":"BV7any2Yvmo/PJTEMfoFaVZ0m4l+R6u0Dq5csPQfB3VB","preKeyId":1229435}}},"version":"v1"}