{"_sessions":{"BbJQ6QwD8/SGbpTSUbtQg5jUWFSv9rFBumuPH2UcooYJ":{"registrationId":3180,"currentRatchet":{"ephemeralKeyPair":{"pubKey":"BSNKn2GqxcFd+aTvZDItBO89nlhnlNQpJN3hjvWZ/l1S","privKey":"IG6xFokNCJV2QxHQSB8avX2qiiUPMHUC8boGYADFoX4="},"lastRemoteEphemeralKey":"BYNm8NSYd8gI18RNMhsLFxf22F7yYKGWmNbjXbQFqvwW","previousCounter":0,"rootKey":"W1iOFBMWsRT1eIziQO9P1hq2IEb4SLfItAIE5YrhLX0="},"indexInfo":{"baseKey":"BbJQ6QwD8/SGbpTSUbtQg5jUWFSv9rFBumuPH2UcooYJ","baseKeyType":1,"closed":-1,"used":1704163485724,"created":1704163485724,"remoteIdentityKey":"BdQ/tHOWjmQFqVOXj+2KdbRzGm8DXV8GRjD9fVAMca9T"},"_chains":{"BSNKn2GqxcFd+aTvZDItBO89nlhnlNQpJN3hjvWZ/l1S":{"chainKey":{"counter":1,"key":"pjJtJWQXR9ddOZh+pvorHL6esPvH/F2Zy1M8tCR7930="},"chainType":1,"messageKeys":{}}},"pendingPreKey":{"signedKeyId":1,"baseKey":"BbJQ6QwD8/SGbpTSUbtQg5jUWFSv9rFBumuPH2UcooYJ"}}},"version":"v1"}