{"_sessions":{"BR3M9NNAbXqlhu/FsywlCjxzXUzFYCajTzow6vn8jRol":{"registrationId":552422227,"currentRatchet":{"ephemeralKeyPair":{"pubKey":"BUEY47FMj0OrbEE6is1MOGZD2dKzBvBK1zWFdtXnlXp/","privKey":"GH8rBqIjHU311JprQDqs1IxHXn/F1HBLbauBEAtvR0E="},"lastRemoteEphemeralKey":"BdN96kFcb+JVmZ5tIzhSBzYu8KNoNPw865w9ha9WdToi","previousCounter":0,"rootKey":"v6ksEmi0ze/2eejzEmib6lm/8eB22m1EEx+9MgQetAE="},"indexInfo":{"baseKey":"BR3M9NNAbXqlhu/FsywlCjxzXUzFYCajTzow6vn8jRol","baseKeyType":1,"closed":-1,"used":1704132688819,"created":1704132688819,"remoteIdentityKey":"BSoE7iwyIKpKRHvADKQuaPvhSh4hBtZ4TiLC3YUGiEYQ"},"_chains":{"BUEY47FMj0OrbEE6is1MOGZD2dKzBvBK1zWFdtXnlXp/":{"chainKey":{"counter":8,"key":"cByQbSEDH/XhgbTiX/G9ynOUrLuvhOD1QHfYG+QZ0/s="},"chainType":1,"messageKeys":{}}},"pendingPreKey":{"signedKeyId":1,"baseKey":"BR3M9NNAbXqlhu/FsywlCjxzXUzFYCajTzow6vn8jRol","preKeyId":9482962}}},"version":"v1"}