{"_sessions":{"Bd5dMGqwRAM709qKasJmZlisdL4vMP//SlraYdI9h2R6":{"registrationId":1220576941,"currentRatchet":{"ephemeralKeyPair":{"pubKey":"Bf2NURSf6DQPqtz75+GKCQ9eQOw8/PRV3ZOzm+tsSGY/","privKey":"0IO960aOPedirZWWTQp66Jc7FN10IVdmwujONCfztmw="},"lastRemoteEphemeralKey":"BWFOXfvolnxTDxxQPxILOzTU8t6DguV8oLUecl0/Yxpv","previousCounter":0,"rootKey":"9IviMQgxB+NnJe8LByWr5O+qYhHhrOEiesoYe6ypf6o="},"indexInfo":{"baseKey":"Bd5dMGqwRAM709qKasJmZlisdL4vMP//SlraYdI9h2R6","baseKeyType":1,"closed":-1,"used":1704174345776,"created":1704163485941,"remoteIdentityKey":"BWZbne71C1rmd+cm1uowY/aeJWe1Xv8W0YlC0t/0P81U"},"_chains":{"BWFOXfvolnxTDxxQPxILOzTU8t6DguV8oLUecl0/Yxpv":{"chainKey":{"counter":0,"key":"aLegj7KHaJjEaER8E4Hh7r0tb9zC87BqEfPQF9QbaqI="},"chainType":2,"messageKeys":{}},"Bf2NURSf6DQPqtz75+GKCQ9eQOw8/PRV3ZOzm+tsSGY/":{"chainKey":{"counter":0,"key":"kegswUOutl+4lFoMilhSGjvVAsIrcZ1VKw8BnubXhis="},"chainType":1,"messageKeys":{}}}}},"version":"v1"}