{"_sessions":{"BYiwzlPZPuWGwkW6dRhvzpfti3rje4BEdD/Mww7Bgi88":{"registrationId":1148002522,"currentRatchet":{"ephemeralKeyPair":{"pubKey":"BYMTZUJZSD+UB3xkCr4qaYfsxJHzJAPxgEobXo9fVjMe","privKey":"+PDxFWUkOHhprg8IIzCpWjnZ+q9We8LqeksCiJUzTG0="},"lastRemoteEphemeralKey":"BSxul/9hFuqb5FmeZCK25USBbUGmobEyuIwAKZnVaSYv","previousCounter":0,"rootKey":"9SjPkAEHDsZ9yg+dWKE7yevrPETZwa5hdvYp2Wgus5s="},"indexInfo":{"baseKey":"BYiwzlPZPuWGwkW6dRhvzpfti3rje4BEdD/Mww7Bgi88","baseKeyType":1,"closed":-1,"used":1704163485925,"created":1704163485925,"remoteIdentityKey":"BYYwVmUXnHez5YyflhtC0qlk7GoIeaDgRk2WbYt2x/5G"},"_chains":{"BYMTZUJZSD+UB3xkCr4qaYfsxJHzJAPxgEobXo9fVjMe":{"chainKey":{"counter":1,"key":"OhHee092dD9H9FoyBQIxs+Ei4MeIi2KnkNeFjrpEQkM="},"chainType":1,"messageKeys":{}}},"pendingPreKey":{"signedKeyId":34,"baseKey":"BYiwzlPZPuWGwkW6dRhvzpfti3rje4BEdD/Mww7Bgi88","preKeyId":13892968}}},"version":"v1"}