{"_sessions":{"BbCQcLZnNFaU1UV83J57pfhjfOlcMJM8nHpZiwVviRIe":{"registrationId":171087617,"currentRatchet":{"ephemeralKeyPair":{"pubKey":"Bam4bOMoRei2FtCPgBF4neB+FE6S99QHKLDvNstD0yAV","privKey":"uPggptTyqb2t6nf76jXOKvm+lg69sXTPEBsi+jqmZ2c="},"lastRemoteEphemeralKey":"BRl2mjtVOHFaVyvSBBIFo7JVHDWVPJfyBpwYypXjmhhX","previousCounter":0,"rootKey":"mjcn+qJQVccpU1f2OOq55VZ5qB8JEbwjw6PqtcZ9wrA="},"indexInfo":{"baseKey":"BbCQcLZnNFaU1UV83J57pfhjfOlcMJM8nHpZiwVviRIe","baseKeyType":1,"closed":-1,"used":1704163485831,"created":1704163485831,"remoteIdentityKey":"Bcy0BA+vTMdlgOWb0+159YmWXY8alTKNHaFYqUFRSsZp"},"_chains":{"Bam4bOMoRei2FtCPgBF4neB+FE6S99QHKLDvNstD0yAV":{"chainKey":{"counter":1,"key":"5lSN5dt4PBWCj2ZDg5j4DakK9RO7YYh9Io2K6kDjcnY="},"chainType":1,"messageKeys":{}}},"pendingPreKey":{"signedKeyId":2,"baseKey":"BbCQcLZnNFaU1UV83J57pfhjfOlcMJM8nHpZiwVviRIe","preKeyId":15511884}}},"version":"v1"}