{"_sessions":{"BVZobLC1/SagvbNqJtkDGCdcRCb8Bl6WI/3/IIrWOHJT":{"registrationId":1084664110,"currentRatchet":{"ephemeralKeyPair":{"pubKey":"BVy6RFSuncu1Q5RzCaCbHZcmniTA8/SWxGhJ+AlNAzxs","privKey":"UMvxNAFiQPHQocDrADkLYj8UpbSvgAEvq694DMZLcnA="},"lastRemoteEphemeralKey":"BWhGgu2jIhgRuFSe+EL7asHxST8OKmCOkWDC2dLeeJMx","previousCounter":0,"rootKey":"yhzE937eLoPduZlCA7V+I2aW9Tvzjz0/GP5u0ada2lk="},"indexInfo":{"baseKey":"BVZobLC1/SagvbNqJtkDGCdcRCb8Bl6WI/3/IIrWOHJT","baseKeyType":1,"closed":-1,"used":1704163485853,"created":1704163485853,"remoteIdentityKey":"BdRwta/erYm4lI4ZVzM5QAbpbD7gTn60qYAXebJ8zNEs"},"_chains":{"BVy6RFSuncu1Q5RzCaCbHZcmniTA8/SWxGhJ+AlNAzxs":{"chainKey":{"counter":1,"key":"p8VBo4OlDrphSQFhu3113jprG2X4uA3+POpcRG71pGI="},"chainType":1,"messageKeys":{}}},"pendingPreKey":{"signedKeyId":1,"baseKey":"BVZobLC1/SagvbNqJtkDGCdcRCb8Bl6WI/3/IIrWOHJT","preKeyId":1754919}}},"version":"v1"}