{"_sessions":{"BdzQq52rvBRL+Pgry6Lz8P6D/aBpqVzRtF/j0lzBtzAO":{"registrationId":419559074,"currentRatchet":{"ephemeralKeyPair":{"pubKey":"BfCPNuI1XMRAnep6s0X9SHesKv8uh2L0r/wzdN6TCBVa","privKey":"0EEyehEb8rUVW7bSQjK5yGXkc3maRC8s7x6hVmt2sHs="},"lastRemoteEphemeralKey":"BYdMg4/2rFC1p3JYdN1HPIBeoCs9M/YCBpNtCfHNRjBb","previousCounter":0,"rootKey":"brqLqu8oQyPIBr29xZK4Fg0rqQPUen4hltsY/rcTTTc="},"indexInfo":{"baseKey":"BdzQq52rvBRL+Pgry6Lz8P6D/aBpqVzRtF/j0lzBtzAO","baseKeyType":1,"closed":-1,"used":1704132688762,"created":1704132688762,"remoteIdentityKey":"BRLaIFHQT9nmLXCR1CoRBmHvZM224Wp6rRj392J4cjQl"},"_chains":{"BfCPNuI1XMRAnep6s0X9SHesKv8uh2L0r/wzdN6TCBVa":{"chainKey":{"counter":8,"key":"ttpNZfDHqibD42YId72bO5UoeqvDtq8JKCmVZXPuIgw="},"chainType":1,"messageKeys":{}}},"pendingPreKey":{"signedKeyId":2,"baseKey":"BdzQq52rvBRL+Pgry6Lz8P6D/aBpqVzRtF/j0lzBtzAO","preKeyId":8098318}}},"version":"v1"}