{"_sessions":{"BVvPcAYkFDYEgRBFmBaJoJ3ZABFBF2FABPpSB1BEHxYm":{"registrationId":222,"currentRatchet":{"ephemeralKeyPair":{"pubKey":"BT/D9SiuT2LtA5CL25M4MYTNLnopfYqUMUd6MGs6zLJO","privKey":"GJzVV5li7jfH2GaKamzXw+Hzd1mln6sue8u4f9uv2Vs="},"lastRemoteEphemeralKey":"BYGtFA2tB6SiEAtgxXpQL8TaadL7vW1dnhPFrHbDXKcU","previousCounter":0,"rootKey":"moS3JDRXn/wg5ClhAK1kTJpBkowHMQnH69/QBgnYnfo="},"indexInfo":{"baseKey":"BVvPcAYkFDYEgRBFmBaJoJ3ZABFBF2FABPpSB1BEHxYm","baseKeyType":1,"closed":-1,"used":1704132688641,"created":1704132688641,"remoteIdentityKey":"BWoGKuIBUYgFMUzgWdYgZWTGC0cxymw6GV8/jev6adlR"},"_chains":{"BT/D9SiuT2LtA5CL25M4MYTNLnopfYqUMUd6MGs6zLJO":{"chainKey":{"counter":8,"key":"hdaiNgBP3V7QGDMXTkYQhxCdP7GiQh0cVLDbeabBpvI="},"chainType":1,"messageKeys":{}}},"pendingPreKey":{"signedKeyId":1,"baseKey":"BVvPcAYkFDYEgRBFmBaJoJ3ZABFBF2FABPpSB1BEHxYm"}}},"version":"v1"}