{"_sessions":{"BabApNFY/CITuPEf3blMwEOd+L5YETbEwk58QVT9kVJG":{"registrationId":1773399845,"currentRatchet":{"ephemeralKeyPair":{"pubKey":"BRqo3Sgylt+vuNHcB/R/90V3BOqOzkgWB85Z0E3k18hN","privKey":"8Evn/PS0wGjtnCsrMh3s/HCA/WHa0RgzxaGZw68rtX0="},"lastRemoteEphemeralKey":"BQ0rVT4Sns//U2NO5XKwAOPqKzbxrbISqnq15LfJIHIM","previousCounter":0,"rootKey":"RzMEobpqFvS/WP2iK9D3TT5g5W/qb4U6tzfDAJePMTY="},"indexInfo":{"baseKey":"BabApNFY/CITuPEf3blMwEOd+L5YETbEwk58QVT9kVJG","baseKeyType":1,"closed":-1,"used":1704132689039,"created":1704132689039,"remoteIdentityKey":"Bf5aMtMRgaiqWKMMwsB5HUaV8IVA/51U/U9+jT9SYFgF"},"_chains":{"BRqo3Sgylt+vuNHcB/R/90V3BOqOzkgWB85Z0E3k18hN":{"chainKey":{"counter":8,"key":"DAgK4BZ/LL5s5ESGFgQTG4no61hC2wsBw/SjjJtHGIk="},"chainType":1,"messageKeys":{}}},"pendingPreKey":{"signedKeyId":0,"baseKey":"BabApNFY/CITuPEf3blMwEOd+L5YETbEwk58QVT9kVJG"}}},"version":"v1"}