{"_sessions":{"BYLaR3dhW7lb0seqcrz+jTse5IzLM9nSa8wDVdJKL4Y3":{"registrationId":417606333,"currentRatchet":{"ephemeralKeyPair":{"pubKey":"Be7TmdZgZBQmHwEd2F415w0wROvnBnP0H4kuVJX6O/5X","privKey":"gFfofQlYrZ6ugQUwxCqF+TDY5RKUcS5IojLjPt2CG2U="},"lastRemoteEphemeralKey":"Bb8PGtetcnfIDtmXpaI5BOiYtAQx95825nYgmmXSn6UA","previousCounter":0,"rootKey":"8I2xIO9lCLxSvPqLmJVgNSaHU0r+68b3909ZhYUYT8w="},"indexInfo":{"baseKey":"BYLaR3dhW7lb0seqcrz+jTse5IzLM9nSa8wDVdJKL4Y3","baseKeyType":1,"closed":-1,"used":1704132689055,"created":1704132689055,"remoteIdentityKey":"BbP19c/Y6kaWopDYVbfFmaVz/2rU099PswPEvlKTOq1h"},"_chains":{"Be7TmdZgZBQmHwEd2F415w0wROvnBnP0H4kuVJX6O/5X":{"chainKey":{"counter":10,"key":"XwOGYo67IPEPWKc4xZwFioj/SQ5CDc/eQ7QkdgmPFdE="},"chainType":1,"messageKeys":{}}},"pendingPreKey":{"signedKeyId":26,"baseKey":"BYLaR3dhW7lb0seqcrz+jTse5IzLM9nSa8wDVdJKL4Y3","preKeyId":5194228}}},"version":"v1"}