{"_sessions":{"BaCIjIWY1+2D5mGuicXJ59Km+BQDm5AWbgDwqVctJZks":{"registrationId":991669239,"currentRatchet":{"ephemeralKeyPair":{"pubKey":"BXumh99EMQYW6AXiOgaOOTZiZvSIQe8pPCii/hqv8NMT","privKey":"eH4eu1OpbaWwaTI2WygcdaKU+dgbtKSNDCVsX6J40UU="},"lastRemoteEphemeralKey":"BRXBJD4bA36k1xohoIz1X7XxaJi5UeytzhDeayehQ9FB","previousCounter":0,"rootKey":"SktdmQyB9ycKBOChUdKy2UiU7+mSxQXNcdoGxlCfRbs="},"indexInfo":{"baseKey":"BaCIjIWY1+2D5mGuicXJ59Km+BQDm5AWbgDwqVctJZks","baseKeyType":1,"closed":-1,"used":1704163437935,"created":1704163437935,"remoteIdentityKey":"Bc3N7zgzSziYkoGItqMudX5YJHz94b1nOnhrgUwLk0AK"},"_chains":{"BXumh99EMQYW6AXiOgaOOTZiZvSIQe8pPCii/hqv8NMT":{"chainKey":{"counter":1,"key":"VUc4TsQmTPDoIYmZC/GOwxYFGHO1zx+UCnEgYbtEId8="},"chainType":1,"messageKeys":{}}},"pendingPreKey":{"signedKeyId":3,"baseKey":"BaCIjIWY1+2D5mGuicXJ59Km+BQDm5AWbgDwqVctJZks","preKeyId":10875353}}},"version":"v1"}