{"_sessions":{"BYpoYqyK848L+c4+ipUEHhlBGdyyjigiULkyZ8MFBbUK":{"registrationId":1089219273,"currentRatchet":{"ephemeralKeyPair":{"pubKey":"BbqcZySnPJy4FxAjcAhwnJfbuxbgQWkRzCS5JSv2JBYY","privKey":"IN4TnqD5R2VeVSvktZWJCZa16zkA0UWGeWzBx7wK7EQ="},"lastRemoteEphemeralKey":"BaDU2zZajmh+XrT5l8lDBlioz584YaDGvq1/aeb0YgUD","previousCounter":1,"rootKey":"vZHXrZ+Sp9hEOaF1f82du721g3OsuELPw72lcmlBLPg="},"indexInfo":{"baseKey":"BYpoYqyK848L+c4+ipUEHhlBGdyyjigiULkyZ8MFBbUK","baseKeyType":1,"closed":-1,"used":1704173972720,"created":1704163437954,"remoteIdentityKey":"BUqmcLVwG1itdTYAa6HgZ2MnwQsRQCJEw/yekZxltkYO"},"_chains":{"BaDU2zZajmh+XrT5l8lDBlioz584YaDGvq1/aeb0YgUD":{"chainKey":{"counter":1,"key":"Cq8j2TB95kEC6n34MZmplxATT7TlvtEj+EOMl5Xa8cY="},"chainType":2,"messageKeys":{}},"BbqcZySnPJy4FxAjcAhwnJfbuxbgQWkRzCS5JSv2JBYY":{"chainKey":{"counter":-1,"key":"a0xqkYwahlYw7cQqo6FAZ03ZFU02IJoA8zje7vIvX98="},"chainType":1,"messageKeys":{}}}}},"version":"v1"}