{"_sessions":{"Bcs3uxY+bQeQVHWukq9ty5UeUqiKcVV8n5SaIcxcOjxL":{"registrationId":1956880097,"currentRatchet":{"ephemeralKeyPair":{"pubKey":"BeApfnhugQIe1YSdrNXWWHfU6KCCbaYtHLNJHifk7qBz","privKey":"OPHRCDJRSYjUzEH75YPHg4pQlKAIEXIdJumoa9ta7k0="},"lastRemoteEphemeralKey":"BWljQ2sH+zQE9s0gXMzP4hs+Q+ptVCQwaP1q9v+0cYEO","previousCounter":0,"rootKey":"fFGF5vnhqHTjZXGnYLrjCSlf5PtY6hnyFhseb/ug16A="},"indexInfo":{"baseKey":"Bcs3uxY+bQeQVHWukq9ty5UeUqiKcVV8n5SaIcxcOjxL","baseKeyType":1,"closed":-1,"used":1704132688956,"created":1704132688956,"remoteIdentityKey":"BbtkG/bslvrnDnIhGdLSl35Ms00iTAQqETAz490rVZgZ"},"_chains":{"BeApfnhugQIe1YSdrNXWWHfU6KCCbaYtHLNJHifk7qBz":{"chainKey":{"counter":8,"key":"dlTQ+PMdocyGbwXdYW03Gg0UHX3q+p6U5TqAZL8LpL0="},"chainType":1,"messageKeys":{}}},"pendingPreKey":{"signedKeyId":9,"baseKey":"Bcs3uxY+bQeQVHWukq9ty5UeUqiKcVV8n5SaIcxcOjxL","preKeyId":12381105}}},"version":"v1"}