{"_sessions":{"BVzzRssfQ2DIfUDPGg1AQ3tI8o+jn8AkmMz6Vstu2KNQ":{"registrationId":243148411,"currentRatchet":{"ephemeralKeyPair":{"pubKey":"BXkLAHFJOd8/D3D1jdUb+VQO/rzKg1hJ/RxDAWsYVg4p","privKey":"oDi1xNUsb6V7DCE+1T3rGoI+69d9laORvqhOWNzwn1g="},"lastRemoteEphemeralKey":"BbDsgmCH+m/6P37qqYdf0TyzdPo79bdKaZ6LxCB6INNi","previousCounter":1,"rootKey":"8+Gqh6k345gtX8vHF5ZYmT6hBmyJoaQRO1zHN9cQ+cE="},"indexInfo":{"baseKey":"BVzzRssfQ2DIfUDPGg1AQ3tI8o+jn8AkmMz6Vstu2KNQ","baseKeyType":2,"closed":-1,"used":1704163951353,"created":1704130601773,"remoteIdentityKey":"BenqBKvXHXpU/EaV98M7wvMerzpqFzhCJ4E+Ykn39MAu"},"_chains":{"BawtXQ6K0TJqYNCZ9YjOz8SVK5qgfeK+DEva13sexDsK":{"chainKey":{"counter":0},"chainType":2,"messageKeys":{}},"BbDsgmCH+m/6P37qqYdf0TyzdPo79bdKaZ6LxCB6INNi":{"chainKey":{"counter":0,"key":"4uBjGXoPdUx100EkGrMOXPsRpEBdx5jQtbOXptdDBZQ="},"chainType":2,"messageKeys":{}},"BXkLAHFJOd8/D3D1jdUb+VQO/rzKg1hJ/RxDAWsYVg4p":{"chainKey":{"counter":-1,"key":"CyhlBlV8U5rsp+DaiFuLpwOXB1tDGQOnrT48gcDSwS0="},"chainType":1,"messageKeys":{}}}}},"version":"v1"}