{"_sessions":{"BX6/3Vicyw2py4ZYdL2lKV1Ch5dMjO4G9IKPgM6LcbJn":{"registrationId":100645448,"currentRatchet":{"ephemeralKeyPair":{"pubKey":"BeIESYzQfj0m8s4vF8w5PJWxaHKmmVcgmWjI1XUH4FY1","privKey":"2CqX6m/jHeE7VnuV7901xFTB5gpO7298kjSkgxSoGmI="},"lastRemoteEphemeralKey":"BeYZcIalhHVnlyZlSIGJDhxKKknWFwOOOxT6Au1niEZ7","previousCounter":0,"rootKey":"VGJ7URTjikOJS6aJt7JcnKE9mjUFJRW50esKVeIyqlE="},"indexInfo":{"baseKey":"BX6/3Vicyw2py4ZYdL2lKV1Ch5dMjO4G9IKPgM6LcbJn","baseKeyType":1,"closed":-1,"used":1704163438037,"created":1704163438037,"remoteIdentityKey":"BRHaURpzhMEwFL9WoLCqEdYr5daAh/uMokpvWtDfD4pN"},"_chains":{"BeIESYzQfj0m8s4vF8w5PJWxaHKmmVcgmWjI1XUH4FY1":{"chainKey":{"counter":1,"key":"Rvt25uKhWOyncxIqpmtXll2930Y2tPi0+S+FzJNbmhw="},"chainType":1,"messageKeys":{}}},"pendingPreKey":{"signedKeyId":0,"baseKey":"BX6/3Vicyw2py4ZYdL2lKV1Ch5dMjO4G9IKPgM6LcbJn","preKeyId":10424060}}},"version":"v1"}