{"_sessions":{"BSZLvFSINwGtJIHlNs8qzilUPN9N9W4M8GlHq6PKTLZA":{"registrationId":13726,"currentRatchet":{"ephemeralKeyPair":{"pubKey":"BfE7SUoU/FJ5URnpwkAx9BEK1ChFA3qLgEZJchBBrtQk","privKey":"IAYJEsBmctP9AHvd2bq9VqfJjJ79YrDDT+SeXAIEGmQ="},"lastRemoteEphemeralKey":"BTKqrB71OFj+jGQruegOEwhR0yz2eCl+WtKc92vhqu8d","previousCounter":0,"rootKey":"ssJESWlzPWOdT/eigz4gnTMk1HYCBM5Rndl3cjp8nRA="},"indexInfo":{"baseKey":"BSZLvFSINwGtJIHlNs8qzilUPN9N9W4M8GlHq6PKTLZA","baseKeyType":1,"closed":-1,"used":1704132688638,"created":1704132688638,"remoteIdentityKey":"BTefgpxsr86zj6XeUivC0Q3RkcfoEoobINWFDU6oiCpT"},"_chains":{"BfE7SUoU/FJ5URnpwkAx9BEK1ChFA3qLgEZJchBBrtQk":{"chainKey":{"counter":8,"key":"Tv9lXX+m4aU0TLseJo+w0WU6VcSbXQz2hUMHoeljXNY="},"chainType":1,"messageKeys":{}}},"pendingPreKey":{"signedKeyId":1,"baseKey":"BSZLvFSINwGtJIHlNs8qzilUPN9N9W4M8GlHq6PKTLZA","preKeyId":945}}},"version":"v1"}