{"_sessions":{"BX3O4bubmeaP1OtL1H+88+ybZ8UwplB+YyXsz8yeThwP":{"registrationId":1741883894,"currentRatchet":{"ephemeralKeyPair":{"pubKey":"BWeu+9lNBQL3aIiNXKdPWuwrZE6K9jTNPLg4Mo0RZMMp","privKey":"eKr8l2e7ZXVzc/89bc5726L+9NRumhA0MM4FO87/4VA="},"lastRemoteEphemeralKey":"BVYn9OehTMfx6yzbE/Nn0p/KPmflLV9D2w7k6+qlRr4F","previousCounter":1,"rootKey":"hTeY9fgUsq9S7zHxxRcLnKzTNK14MJAYGx5J7GPNpF0="},"indexInfo":{"baseKey":"BX3O4bubmeaP1OtL1H+88+ybZ8UwplB+YyXsz8yeThwP","baseKeyType":1,"closed":-1,"used":1704132790587,"created":1704132688851,"remoteIdentityKey":"BZI09jGmN35oEkZn2X6zn4wyJTvjF0Wv95uWEVYQ5oUI"},"_chains":{"BVYn9OehTMfx6yzbE/Nn0p/KPmflLV9D2w7k6+qlRr4F":{"chainKey":{"counter":0,"key":"q2xX9hX1tJBFAwAekKVrtgrGsLNf6pVAJUNB68pFDbg="},"chainType":2,"messageKeys":{}},"BWeu+9lNBQL3aIiNXKdPWuwrZE6K9jTNPLg4Mo0RZMMp":{"chainKey":{"counter":6,"key":"0b/UaneC+lWsDdiXiFTaBC/5j3iAyxZ0PUAOniq/+Ho="},"chainType":1,"messageKeys":{}}}}},"version":"v1"}