{"_sessions":{"BaZBm9KM9x3a+PtrgoHzCdiIgcqfC7UzYqoMVPA2NSkb":{"registrationId":1895248996,"currentRatchet":{"ephemeralKeyPair":{"pubKey":"Be7QFoHUVp63FCdM9reulUaua/ZUAt+7yaFuMm1QNj0/","privKey":"EE1mXdAHFvY9oqXV4ALswPXRHekQjaKnfv7O6vOqI2Q="},"lastRemoteEphemeralKey":"BXQ0XkEU2cwmL36Cwi/hmi/vqkyELvUlaehH+i6Pb8s8","previousCounter":0,"rootKey":"SfJhOaTUxxRutRRblaiUV/IrTQI23yXhfvUes+h75fg="},"indexInfo":{"baseKey":"BaZBm9KM9x3a+PtrgoHzCdiIgcqfC7UzYqoMVPA2NSkb","baseKeyType":1,"closed":-1,"used":1704163485959,"created":1704163485959,"remoteIdentityKey":"BUMRzLWgpzO4pws/86gqlob0isgzk5zOY4oekujCgg0n"},"_chains":{"Be7QFoHUVp63FCdM9reulUaua/ZUAt+7yaFuMm1QNj0/":{"chainKey":{"counter":1,"key":"NjKPshvhHXNtLdODbz6iPnVjMHstlHaESx0HyKDly7g="},"chainType":1,"messageKeys":{}}},"pendingPreKey":{"signedKeyId":1,"baseKey":"BaZBm9KM9x3a+PtrgoHzCdiIgcqfC7UzYqoMVPA2NSkb","preKeyId":11318904}}},"version":"v1"}