{"_sessions":{"BWNXMzZFWcfH7dLvokWNhdi9XWy8cpLbU+f4O2xUm9Ui":{"registrationId":1884012776,"currentRatchet":{"ephemeralKeyPair":{"pubKey":"BRx4Er8JXukH/p0BQracOgCvrOQjtS5+IUr5JwqCt/x3","privKey":"ADR0PJ8k1oGaa5gNr3TSkeLnnfoTsnwoIiKqQZd95Uc="},"lastRemoteEphemeralKey":"BQj3YQrkiO6UBw3UlLL4LOL3LU1U9dLP87DnF4yidV4F","previousCounter":0,"rootKey":"shDXNbo02Fad1q7wS/OJNTMhgwnxDIQPRAvVRfq5coQ="},"indexInfo":{"baseKey":"BWNXMzZFWcfH7dLvokWNhdi9XWy8cpLbU+f4O2xUm9Ui","baseKeyType":1,"closed":-1,"used":1704163486020,"created":1704163486020,"remoteIdentityKey":"BcMEM3+LgwCUDL1rHIJrer2U+2+IEJfI51RB64m5ji1S"},"_chains":{"BRx4Er8JXukH/p0BQracOgCvrOQjtS5+IUr5JwqCt/x3":{"chainKey":{"counter":1,"key":"ZeRA1j+BGYFl33KzUBl1VqKGr7mMbrNKhTnCNIU2F0s="},"chainType":1,"messageKeys":{}}},"pendingPreKey":{"signedKeyId":22,"baseKey":"BWNXMzZFWcfH7dLvokWNhdi9XWy8cpLbU+f4O2xUm9Ui","preKeyId":10531683}}},"version":"v1"}