{"_sessions":{"BXJAAKll94pepiPHpDGn/C0NNKehLNHM2NmhAE07Mi9B":{"registrationId":1837802333,"currentRatchet":{"ephemeralKeyPair":{"pubKey":"BS3w/mS/PIGTrtYIsIrejAUsel8h2cb/DkSOLTeX4MEw","privKey":"GDLQ6GMVE+JrAGfrqsUJ6bx5qMZNjk6Swq5B/oih4Uo="},"lastRemoteEphemeralKey":"BdARgm5UQTlOERsro2c2Uoawctkce6ZuMoadw0PRGlxX","previousCounter":0,"rootKey":"Bdyqlc81AtX0KEL5SgPa64mz8pMw3ERjGOIwimeU1dM="},"indexInfo":{"baseKey":"BXJAAKll94pepiPHpDGn/C0NNKehLNHM2NmhAE07Mi9B","baseKeyType":1,"closed":-1,"used":1704163485956,"created":1704163485956,"remoteIdentityKey":"BUgi+qGpP8PTd6B0YTDaLIkOSG79nw/lBvG/xhyXVMEu"},"_chains":{"BS3w/mS/PIGTrtYIsIrejAUsel8h2cb/DkSOLTeX4MEw":{"chainKey":{"counter":1,"key":"m9wd2dxDuHveT9J1toJRReOx6USxbMEfQAxaMYA8dsU="},"chainType":1,"messageKeys":{}}},"pendingPreKey":{"signedKeyId":13,"baseKey":"BXJAAKll94pepiPHpDGn/C0NNKehLNHM2NmhAE07Mi9B","preKeyId":8628849}}},"version":"v1"}