{"_sessions":{"BaE7bWtD+p+gVIKOPXnxBIGooPGWlyDXSjqJIifAKKdY":{"registrationId":855595310,"currentRatchet":{"ephemeralKeyPair":{"pubKey":"BXXGDP0lxIRI2QrcDEtv1PbmHwXnljb9w1+uJOxjsTpK","privKey":"2NMpOsvECrXlk+umZHhMb75ANJsEdVGYDqhbcRXasVE="},"lastRemoteEphemeralKey":"BaGHQ2iOLEZRr9xpTcX8G0wwFW+JiUyeFHUsGv+pHYov","previousCounter":0,"rootKey":"b01x5KMvXICwZMjS+qXcJfS52Ox8akqh6ZDSbtKtYl8="},"indexInfo":{"baseKey":"BaE7bWtD+p+gVIKOPXnxBIGooPGWlyDXSjqJIifAKKdY","baseKeyType":1,"closed":-1,"used":1704163485938,"created":1704163485938,"remoteIdentityKey":"Bbf62vNDi80EmA5EceNma3KGWDkwQqhXXBtS6wmWFhRJ"},"_chains":{"BXXGDP0lxIRI2QrcDEtv1PbmHwXnljb9w1+uJOxjsTpK":{"chainKey":{"counter":1,"key":"F0SLfVMt6GogL23oP13LYsCi7NCWyegam5l9tgC76rU="},"chainType":1,"messageKeys":{}}},"pendingPreKey":{"signedKeyId":9,"baseKey":"BaE7bWtD+p+gVIKOPXnxBIGooPGWlyDXSjqJIifAKKdY","preKeyId":1300389}}},"version":"v1"}