{"_sessions":{"BdSqvuN+SaxGjaAkLWt9Hv/ZH8cm0EWLAfrYSujyZmxo":{"registrationId":809988825,"currentRatchet":{"ephemeralKeyPair":{"pubKey":"BfR6EcuVLXx0/uGvvgIEmm0skHZhvd6q2kLZVWoJKekT","privKey":"CIJK9OIL9M07ey8LHG2WVvLEeu5oXCOB5unc+P1dnHI="},"lastRemoteEphemeralKey":"BZUl1MFxZLAjF4iofxoiaFqwTa+Byp73ETBWJ8d4EzVF","previousCounter":0,"rootKey":"+QE25RKQ4WsHFnn1HwdeRmMo0oRpgddN6nQaHXLeiZQ="},"indexInfo":{"baseKey":"BdSqvuN+SaxGjaAkLWt9Hv/ZH8cm0EWLAfrYSujyZmxo","baseKeyType":1,"closed":-1,"used":1704163486031,"created":1704163486031,"remoteIdentityKey":"BQ/KjwsghbQQO3xQJOGb5iIiO8dh9eGbcR1ayQ92m/JH"},"_chains":{"BfR6EcuVLXx0/uGvvgIEmm0skHZhvd6q2kLZVWoJKekT":{"chainKey":{"counter":1,"key":"hdmZ9rhzFlcqA77IJRudundJsh6Z6vSdgweaJY/XC68="},"chainType":1,"messageKeys":{}}},"pendingPreKey":{"signedKeyId":1,"baseKey":"BdSqvuN+SaxGjaAkLWt9Hv/ZH8cm0EWLAfrYSujyZmxo","preKeyId":12335405}}},"version":"v1"}