{"_sessions":{"BXL43gGm+nnWsfiQNatcwMle2cmiBszULX1/JPk/GscV":{"registrationId":1155924765,"currentRatchet":{"ephemeralKeyPair":{"pubKey":"BQ0sorvmHzi77OsO8lckjMRuyqox9UAFmdrGkEpb7nNt","privKey":"CEsjARaPMg9hCjmC27bYwKBCNAj5z9iXgsFjr91KRHY="},"lastRemoteEphemeralKey":"Ba1HiOjD1w1AOZLND3SA+YDbF0XpMP5NC0uRw+TgRYZV","previousCounter":0,"rootKey":"BL/6wScmOv5TpHOFXLMeiFfnFl+MYfsRfEEFpPwRcB8="},"indexInfo":{"baseKey":"BXL43gGm+nnWsfiQNatcwMle2cmiBszULX1/JPk/GscV","baseKeyType":1,"closed":-1,"used":1704163485760,"created":1704163485760,"remoteIdentityKey":"Bf1A+GaaHrddM48TTX10Xxq4ocXGPHwS5DUZn6ryffw3"},"_chains":{"BQ0sorvmHzi77OsO8lckjMRuyqox9UAFmdrGkEpb7nNt":{"chainKey":{"counter":1,"key":"+R7WlTA9eVTnEged/Ag83RfPUXF9p8ypP126YsGwOUc="},"chainType":1,"messageKeys":{}}},"pendingPreKey":{"signedKeyId":7,"baseKey":"BXL43gGm+nnWsfiQNatcwMle2cmiBszULX1/JPk/GscV","preKeyId":14294463}}},"version":"v1"}