{"_sessions":{"BYLgr5itUYFRJXFpBgXEoUV4D6iUN1gDUkQQlTc8GHR0":{"registrationId":1550855090,"currentRatchet":{"ephemeralKeyPair":{"pubKey":"BR6EoqP8VtQ/FSVXy4MYhRaBfazPClVFdLiX79S1QLAM","privKey":"2MghmqY4Ga6eN8FTm1O63R+h2wE8GR9+HHvYr/qZoWI="},"lastRemoteEphemeralKey":"BcUaLRQHw4TRt7pP4zRgxmElLA2wAx30E5pXErStqpZT","previousCounter":0,"rootKey":"qEcjWANB55BbU9xadJ/lbk+hiI0jXur3920R8gD0YL8="},"indexInfo":{"baseKey":"BYLgr5itUYFRJXFpBgXEoUV4D6iUN1gDUkQQlTc8GHR0","baseKeyType":1,"closed":-1,"used":1704132688869,"created":1704132688869,"remoteIdentityKey":"BVieSrHAJI2cUb/+RaHxJMdj49A5wG9nxF50u3YwKalY"},"_chains":{"BR6EoqP8VtQ/FSVXy4MYhRaBfazPClVFdLiX79S1QLAM":{"chainKey":{"counter":8,"key":"caCfa0FM2PBMeFk5GYb3nk659uivHtAuFNmCkRD2sSY="},"chainType":1,"messageKeys":{}}},"pendingPreKey":{"signedKeyId":15,"baseKey":"BYLgr5itUYFRJXFpBgXEoUV4D6iUN1gDUkQQlTc8GHR0","preKeyId":13242218}}},"version":"v1"}