{"_sessions":{"BafJ6rjLVMhw5gSjI7e4ZVmbMgVA1SzmWLGpIbimyU4p":{"registrationId":1807084983,"currentRatchet":{"ephemeralKeyPair":{"pubKey":"BXs4isaz5ccTmibuXSkII2zamfaZP9tkB8ZpyYSxNT4/","privKey":"WLL3kgTs1QXCMnQCVAAtPA13i7KpecUBjko1pnPXWG8="},"lastRemoteEphemeralKey":"BZnLKfKHXf3COJoWB1I5Bgvr+yVfZd5D/16qEvDkfkwD","previousCounter":0,"rootKey":"7AlVf6MKwtzAosDpvrdS1yiYYOe44g3q9F0WvR6tTys="},"indexInfo":{"baseKey":"BafJ6rjLVMhw5gSjI7e4ZVmbMgVA1SzmWLGpIbimyU4p","baseKeyType":1,"closed":-1,"used":1704163486045,"created":1704163486045,"remoteIdentityKey":"BURRadYh8/FBdXurXtiao7nDheRkQmRyHr10+nBwsIkA"},"_chains":{"BXs4isaz5ccTmibuXSkII2zamfaZP9tkB8ZpyYSxNT4/":{"chainKey":{"counter":1,"key":"Kq3Xm8FC0I3NBImfO3wt4hrW/ZJ3fICBQGD6ynDbvC8="},"chainType":1,"messageKeys":{}}},"pendingPreKey":{"signedKeyId":23,"baseKey":"BafJ6rjLVMhw5gSjI7e4ZVmbMgVA1SzmWLGpIbimyU4p"}}},"version":"v1"}