{"_sessions":{"BVsMmfyu26KYq5F9l0ZJxPXHXwtqJRTxH/XjOpVXhQZg":{"registrationId":1614659674,"currentRatchet":{"ephemeralKeyPair":{"pubKey":"BWR1uxIJb9zpR16EOXMVI3cF0Z9uL5C+ZyP/PpvlPlER","privKey":"eP5L5dN/BWMnJsW3zAnii6fUjLj/1oTe0jXsSoDZIE4="},"lastRemoteEphemeralKey":"Bcuoco/HBfxg0WEyOgQCaLnN90Te9oBm2C9rwRsHC90S","previousCounter":0,"rootKey":"6u30/qwgpjKR2E88aOIxitKJfLosMmGc/Ze1cC5+JSk="},"indexInfo":{"baseKey":"BVsMmfyu26KYq5F9l0ZJxPXHXwtqJRTxH/XjOpVXhQZg","baseKeyType":1,"closed":-1,"used":1704132688660,"created":1704132688660,"remoteIdentityKey":"BQCTNW/MbFwWFV2x9G7Z4FxExgK/Am5QjSQYnbfUi4ts"},"_chains":{"BWR1uxIJb9zpR16EOXMVI3cF0Z9uL5C+ZyP/PpvlPlER":{"chainKey":{"counter":8,"key":"hB2AqBuKwmzLSohiZcvOgZliW0ri7s61kw6X9ixPhsQ="},"chainType":1,"messageKeys":{}}},"pendingPreKey":{"signedKeyId":1,"baseKey":"BVsMmfyu26KYq5F9l0ZJxPXHXwtqJRTxH/XjOpVXhQZg","preKeyId":427786}}},"version":"v1"}