{"_sessions":{"BQa30EvJLljXAuKU+yHyl0SobWoGJnBCnF8bXLBS8rIq":{"registrationId":6793,"currentRatchet":{"ephemeralKeyPair":{"pubKey":"BSlqAsoDmxfQX5Il+0garU1Uaokyr1TBPlomZgkZg0F3","privKey":"sIHMvJyROAy+4iV3RsYamDHL/AP4J6Uvg8fHghaoU1Q="},"lastRemoteEphemeralKey":"BZUkyDsMMkebVOWE1cRYNIb+5GysdHlOCLnexS9edalE","previousCounter":0,"rootKey":"CEx5zmgrxEu+JKsgOZb3hgUvwD2OkDvJxX4Bpz//Bx8="},"indexInfo":{"baseKey":"BQa30EvJLljXAuKU+yHyl0SobWoGJnBCnF8bXLBS8rIq","baseKeyType":1,"closed":-1,"used":1704132688634,"created":1704132688634,"remoteIdentityKey":"BV7TeQBxrZYHLUsT8ctOGNIamGv3FgFvCk6SMK/Bp9EK"},"_chains":{"BSlqAsoDmxfQX5Il+0garU1Uaokyr1TBPlomZgkZg0F3":{"chainKey":{"counter":8,"key":"DPI+d0YHsdTJUl/phldQg3xybX69oGvshVWRfFZDpPk="},"chainType":1,"messageKeys":{}}},"pendingPreKey":{"signedKeyId":1,"baseKey":"BQa30EvJLljXAuKU+yHyl0SobWoGJnBCnF8bXLBS8rIq","preKeyId":144}}},"version":"v1"}