{"_sessions":{"BSzN/TBpcgKRE2ZUVtkjiBAPDb1ZvuhFkE1W+L6xJGUF":{"registrationId":512946156,"currentRatchet":{"ephemeralKeyPair":{"pubKey":"BQs7heEa/7Wd7CDO0hwgnwD7GXAFl/ERXPwzW43fxB1J","privKey":"gBKIy0V0m/AuEebGXEvUQEVqiNrkgThjNEfOB+dmcl0="},"lastRemoteEphemeralKey":"BWDC/aWOwrQSAo970yX1cbgFnofggvNPwu/rjH0t7dMf","previousCounter":0,"rootKey":"2uxEFkddPsPB9NyCb5/p+rcOEO2MT6AW1LisYs+P8W4="},"indexInfo":{"baseKey":"BSzN/TBpcgKRE2ZUVtkjiBAPDb1ZvuhFkE1W+L6xJGUF","baseKeyType":1,"closed":-1,"used":1704163438043,"created":1704163438043,"remoteIdentityKey":"BdlZ0OVh3IS0VTs6CSppzxiAh5MMCNv/gDmNadbHRWp3"},"_chains":{"BQs7heEa/7Wd7CDO0hwgnwD7GXAFl/ERXPwzW43fxB1J":{"chainKey":{"counter":1,"key":"Z2jsoQJx1Bz20kPdyIaeBOLJ5VJgkrkXz/VpUGk5NGE="},"chainType":1,"messageKeys":{}}},"pendingPreKey":{"signedKeyId":6,"baseKey":"BSzN/TBpcgKRE2ZUVtkjiBAPDb1ZvuhFkE1W+L6xJGUF","preKeyId":12219302}}},"version":"v1"}