{"_sessions":{"BVgu0VciVph2AnEsjziP66VHWayVf28HrXTHj7Pn/NUR":{"registrationId":242717615,"currentRatchet":{"ephemeralKeyPair":{"pubKey":"BY2LnxSNx/sFz4hMMnHuV/uNAhVVRgdT1u1XHjxUQt5u","privKey":"CHfmuvmptPJnIQOqPtN9AvTM8gjxY9vAzmbDzX60fWc="},"lastRemoteEphemeralKey":"BYkop5S144jVwjyrnQg/k0iBYkwNBlNBBM41rm30Bhoa","previousCounter":0,"rootKey":"cjhz4stBN1yDlICugKfU0ZjB1AvDVM7KdrsVOPbec4I="},"indexInfo":{"baseKey":"BVgu0VciVph2AnEsjziP66VHWayVf28HrXTHj7Pn/NUR","baseKeyType":2,"closed":-1,"used":1704138972072,"created":1704138972072,"remoteIdentityKey":"BVonRw6JPm1Enw1Y3Mg0YNKVeZ5KSYBRpvCbGLJ5wE93"},"_chains":{"BYkop5S144jVwjyrnQg/k0iBYkwNBlNBBM41rm30Bhoa":{"chainKey":{"counter":0,"key":"+9XtZIPMigeLSA+SA3J0wzK7Pomc1GoQSCMtxsQ/Jv4="},"chainType":2,"messageKeys":{}},"BY2LnxSNx/sFz4hMMnHuV/uNAhVVRgdT1u1XHjxUQt5u":{"chainKey":{"counter":1,"key":"9IBUQvT7ShMd+0ux7Py6Kl9acPQlm6KAXQetY2FJpA0="},"chainType":1,"messageKeys":{}}}}},"version":"v1"}