{"_sessions":{"BRe2F+5YF/MmEwtDDls0llP2uVg2elthhonEdq5J6VVQ":{"registrationId":803554581,"currentRatchet":{"ephemeralKeyPair":{"pubKey":"BUgnj+jVs4K4kqU8p1F3J+Z5zNr3CAaHHlCcartZ/4wD","privKey":"yOkw6wO3gVqVbL77Jz1FC95DC2E01G2IFdKEw7DzH3I="},"lastRemoteEphemeralKey":"BdkpvFHcl7dtd7w0izmzfVUFr+48qga4BxkqHRLLsC8W","previousCounter":0,"rootKey":"yxNORWbiBgr9XCg37RKFtSoMY8KftwW+R9wUhKBfHoM="},"indexInfo":{"baseKey":"BRe2F+5YF/MmEwtDDls0llP2uVg2elthhonEdq5J6VVQ","baseKeyType":1,"closed":-1,"used":1704132688937,"created":1704132688937,"remoteIdentityKey":"BUuwQqq1LX//ZrZPg9vZkBDVlNz+CxrL27ULsUPB1p15"},"_chains":{"BUgnj+jVs4K4kqU8p1F3J+Z5zNr3CAaHHlCcartZ/4wD":{"chainKey":{"counter":10,"key":"Hjk65xoXzmyx1HJxkNqIVfwVKN03iDWKL/Cpsc7G7Ts="},"chainType":1,"messageKeys":{}}},"pendingPreKey":{"signedKeyId":2,"baseKey":"BRe2F+5YF/MmEwtDDls0llP2uVg2elthhonEdq5J6VVQ","preKeyId":8909189}}},"version":"v1"}