{"_sessions":{"BeMdaI7gYQ6Xhjtj8BrBnX9K3pi7hSq4Yeu9Nxhgl1gK":{"registrationId":1283462093,"currentRatchet":{"ephemeralKeyPair":{"pubKey":"BfV5CtKAzR/4VrAGsuq5wMs0jGErsOVeaF/twDxWE6o+","privKey":"QNN+N8wt2AX+jdArxdLa+x1dAppOZMDAiumimneg02g="},"lastRemoteEphemeralKey":"BaRNds+k2ZTXjB6BDx2DAlmuu9BsHdJH8eKy0dwPAJQU","previousCounter":0,"rootKey":"rjFfzppMOLMH65pUSvvv6Z4yp6UbKp3M+uAKKUD18g0="},"indexInfo":{"baseKey":"BeMdaI7gYQ6Xhjtj8BrBnX9K3pi7hSq4Yeu9Nxhgl1gK","baseKeyType":1,"closed":-1,"used":1704132688941,"created":1704132688941,"remoteIdentityKey":"BYLa82RMGsrqKDWaUbgbr+aMsBpDpLyd2peZo47F+NhM"},"_chains":{"BfV5CtKAzR/4VrAGsuq5wMs0jGErsOVeaF/twDxWE6o+":{"chainKey":{"counter":8,"key":"kQ8/Hifac72SpBMuAzQB4feMeorFwDC51IefXmMp+Qg="},"chainType":1,"messageKeys":{}}},"pendingPreKey":{"signedKeyId":0,"baseKey":"BeMdaI7gYQ6Xhjtj8BrBnX9K3pi7hSq4Yeu9Nxhgl1gK","preKeyId":9369775}}},"version":"v1"}