{"_sessions":{"Bc0knEpwCGl+6IYf0XqjYjBRJCAAQKSI2g1WqdRsHBpA":{"registrationId":1490023928,"currentRatchet":{"ephemeralKeyPair":{"pubKey":"BSXSJVfYMyQr4yFsLEBngoBV94ET+ZykUpzjY28qnXgV","privKey":"qNdZDeoSZSpNkDMhumxmMnactehxARJisSIGxODxuXo="},"lastRemoteEphemeralKey":"BUm6IJmE0s3W2RfEMNybpRJkaqmlX94KsbWEKbRsiHYS","previousCounter":0,"rootKey":"aDHyIQyFnG/ng5MpWUP968YhvyBo7B/YQVChdXEFaQg="},"indexInfo":{"baseKey":"Bc0knEpwCGl+6IYf0XqjYjBRJCAAQKSI2g1WqdRsHBpA","baseKeyType":1,"closed":-1,"used":1704163485836,"created":1704163485836,"remoteIdentityKey":"BdP8I5gPHSAa4Gmb68/CZhVO/aedqPcySj2Bs0c6ZIk9"},"_chains":{"BSXSJVfYMyQr4yFsLEBngoBV94ET+ZykUpzjY28qnXgV":{"chainKey":{"counter":1,"key":"8CujHnvEnn3W50i/HC3H9XBf9QJgQRatYLKbMjejDIo="},"chainType":1,"messageKeys":{}}},"pendingPreKey":{"signedKeyId":5,"baseKey":"Bc0knEpwCGl+6IYf0XqjYjBRJCAAQKSI2g1WqdRsHBpA","preKeyId":9643339}}},"version":"v1"}