{"_sessions":{"BS0lHzQmJm2vPxy2Y9QhMdD+jJeEFXX72Rc696oUwtA/":{"registrationId":12882,"currentRatchet":{"ephemeralKeyPair":{"pubKey":"BXpHXw+APF6vkKDXEv/MWVtbYDR0Wqx9hsKZZwr+dloW","privKey":"ABMQLRDEd4JS1ScoQoMo/s4rURPFr9RpHhPQxCqTaG4="},"lastRemoteEphemeralKey":"BT54dzC9DoolDpck/LQ8nJDUlw6FqbnhAWO14eAsnuNh","previousCounter":0,"rootKey":"KuR9cuxvtZhfsy550PccNqMITuv8RMZbWwfNfHboD2Q="},"indexInfo":{"baseKey":"BS0lHzQmJm2vPxy2Y9QhMdD+jJeEFXX72Rc696oUwtA/","baseKeyType":1,"closed":-1,"used":1704132688625,"created":1704132688625,"remoteIdentityKey":"BSPrjnd4zyvPnO5Z1nFVa9KpCWUscPSKdwZABQgQa3Zl"},"_chains":{"BXpHXw+APF6vkKDXEv/MWVtbYDR0Wqx9hsKZZwr+dloW":{"chainKey":{"counter":10,"key":"bF3bEun2JbW5B6DtTJNerUVLvJ7dwEv2cBCh1TiXvbU="},"chainType":1,"messageKeys":{}}},"pendingPreKey":{"signedKeyId":1,"baseKey":"BS0lHzQmJm2vPxy2Y9QhMdD+jJeEFXX72Rc696oUwtA/"}}},"version":"v1"}