{"_sessions":{"BQ5qoW/msiuV3Ff8hCOPwAMyFNPihH4cca8cHF8cGsQ9":{"registrationId":1891766823,"currentRatchet":{"ephemeralKeyPair":{"pubKey":"BdlBJujQI4LHEVTQ2vbbjsh8lVoqHZUhR4fUSFnvZn8H","privKey":"6ImGB8caXcdzd0Dhbnau5q/DDkzWnBEJEoxDVoJqwHg="},"lastRemoteEphemeralKey":"BU5wfmmuQSaMsCd4vxC3PfbRoRHtYyZpes1xLN/u/uFf","previousCounter":0,"rootKey":"DKvQZfVKfsoVDPsnHwtLasMVNitqT7+7AM1JQwgLT5I="},"indexInfo":{"baseKey":"BQ5qoW/msiuV3Ff8hCOPwAMyFNPihH4cca8cHF8cGsQ9","baseKeyType":1,"closed":-1,"used":1704132688945,"created":1704132688945,"remoteIdentityKey":"Bdjwef1M4IKxaBuDXcfsiL7YhvfZYYEkRoogHJmFPsgW"},"_chains":{"BdlBJujQI4LHEVTQ2vbbjsh8lVoqHZUhR4fUSFnvZn8H":{"chainKey":{"counter":8,"key":"ilMBJeFsGx/eEuJfG0YifER2GgUO0VIzCt3AHfVyPI4="},"chainType":1,"messageKeys":{}}},"pendingPreKey":{"signedKeyId":1,"baseKey":"BQ5qoW/msiuV3Ff8hCOPwAMyFNPihH4cca8cHF8cGsQ9","preKeyId":10896224}}},"version":"v1"}