{"_sessions":{"BYMWIQN0QqqB8gh2VTAhhTs/SdU7DMwl8dMX/0CamqAn":{"registrationId":1654932817,"currentRatchet":{"ephemeralKeyPair":{"pubKey":"BRngNbScI8T2rJ9+At9EWATsrmq6NtJVMeCrua1CNmA3","privKey":"GNAjYHgbaH6RkTC1qTtfIGe7EU/vcEyV0LMElS6TSUM="},"lastRemoteEphemeralKey":"BbugdpWJm0hzmKfzHs73qEzEdL0y4cQHpZMQeAsxL7kT","previousCounter":0,"rootKey":"lvc0IgYylv3ku9pPPHed3AL14z339HTpsoe2zrTh2pY="},"indexInfo":{"baseKey":"BYMWIQN0QqqB8gh2VTAhhTs/SdU7DMwl8dMX/0CamqAn","baseKeyType":1,"closed":-1,"used":1704163485936,"created":1704163485936,"remoteIdentityKey":"BVRfFH6XN2h9W9WiBU2f4fVUMNwEk8d/Wtg/qn3PjqYZ"},"_chains":{"BRngNbScI8T2rJ9+At9EWATsrmq6NtJVMeCrua1CNmA3":{"chainKey":{"counter":1,"key":"j6GmZgA/PCSXslOQphunS2X0T49shRIFgaE1CbZbpHk="},"chainType":1,"messageKeys":{}}},"pendingPreKey":{"signedKeyId":6,"baseKey":"BYMWIQN0QqqB8gh2VTAhhTs/SdU7DMwl8dMX/0CamqAn","preKeyId":2927799}}},"version":"v1"}