{"_sessions":{"BeEA5CViGwJAaPcZ67AvQv6k2lDRb07qp2atMVb+JHVi":{"registrationId":1252975432,"currentRatchet":{"ephemeralKeyPair":{"pubKey":"Ba1F9RkxwvTuxtVXe4zce7wWC9mgXtvDmzYm/9BTgM8x","privKey":"cMwvWwhmLjDAUv9phCdvdep9t1Y8kWh2oN63VN3HFE4="},"lastRemoteEphemeralKey":"BYm7KacA/kJhyEJOXkn6A0UXBwmMhGhdE64jUDACL+Up","previousCounter":0,"rootKey":"NHrd6fe68eXkM/RvCvwu9u+EHBr0GCrIXDYpME14FeY="},"indexInfo":{"baseKey":"BeEA5CViGwJAaPcZ67AvQv6k2lDRb07qp2atMVb+JHVi","baseKeyType":1,"closed":-1,"used":1704132688732,"created":1704132688732,"remoteIdentityKey":"BTNT6VCI370tt9JJgOsnTUj+5H/5+n8Tqi0a6FrTR8kV"},"_chains":{"Ba1F9RkxwvTuxtVXe4zce7wWC9mgXtvDmzYm/9BTgM8x":{"chainKey":{"counter":8,"key":"vwevYxQyq8+nbdy7BBMn3Sec+9lmhzAUSnnJQXrKXJE="},"chainType":1,"messageKeys":{}}},"pendingPreKey":{"signedKeyId":10,"baseKey":"BeEA5CViGwJAaPcZ67AvQv6k2lDRb07qp2atMVb+JHVi","preKeyId":607449}}},"version":"v1"}