{"_sessions":{"BZmy0qbzj9q3yjn9uZQjjfXyl+j2GhyTaIHIEHjsZq9k":{"registrationId":166,"currentRatchet":{"ephemeralKeyPair":{"pubKey":"Bf/2BFSzTIHXPduh32ezLv2VSufVGtryCDbNXPI/FfQN","privKey":"qIPaE5mnBmpCOECPfVecOThGR4CiqswMJK29256VwG0="},"lastRemoteEphemeralKey":"BZ4KbbSYRY5gKWuIL9tu5TLgvBi7g43o+BDk5f4ZKhxH","previousCounter":0,"rootKey":"ZGdnGL8oVTGbfv96XWOGF7n8d0P2YIH2sPTXfm3ozX0="},"indexInfo":{"baseKey":"BZmy0qbzj9q3yjn9uZQjjfXyl+j2GhyTaIHIEHjsZq9k","baseKeyType":1,"closed":-1,"used":1704163485721,"created":1704163485721,"remoteIdentityKey":"BSxnz2jO/+B0/6BD6F7MoAnD6Dduyke8/Aq4eZLY6Zx6"},"_chains":{"Bf/2BFSzTIHXPduh32ezLv2VSufVGtryCDbNXPI/FfQN":{"chainKey":{"counter":1,"key":"xtSqeB/H7BPrrtss4R32kHwiO6DwJgXLHPzq47sKfr4="},"chainType":1,"messageKeys":{}}},"pendingPreKey":{"signedKeyId":1,"baseKey":"BZmy0qbzj9q3yjn9uZQjjfXyl+j2GhyTaIHIEHjsZq9k"}}},"version":"v1"}