{"_sessions":{"BbMqap4p5kFyoBYPg2UKVqERW5xzTRodCxE15B021yN/":{"registrationId":437444023,"currentRatchet":{"ephemeralKeyPair":{"pubKey":"BQpg7GZVPtI+GHN3nMfrVtjOG1Wr/BO6Lmo8v6o/rytC","privKey":"cHuLqYXb5Ty4wB4iZEISHbHW4Rn4pqwObPZnXR6zCXI="},"lastRemoteEphemeralKey":"BQhYggSokn9+PyKlr28rJQLduKoN4oxwLU3y0fk0Qy9F","previousCounter":0,"rootKey":"Ab/3S7KLDyWKBuAWvHmkPCDwJId1KGvmK0eTiryBH8c="},"indexInfo":{"baseKey":"BbMqap4p5kFyoBYPg2UKVqERW5xzTRodCxE15B021yN/","baseKeyType":1,"closed":-1,"used":1704163485820,"created":1704163485820,"remoteIdentityKey":"BUIQxJZOhrDJfRhNzzZAzvQlLTRLmtgyPWlUzglNPIhP"},"_chains":{"BQpg7GZVPtI+GHN3nMfrVtjOG1Wr/BO6Lmo8v6o/rytC":{"chainKey":{"counter":1,"key":"65Y0TNO+MisFMHf85xE9g1T0ZUB6515qjtI/ycEDms4="},"chainType":1,"messageKeys":{}}},"pendingPreKey":{"signedKeyId":18,"baseKey":"BbMqap4p5kFyoBYPg2UKVqERW5xzTRodCxE15B021yN/","preKeyId":5098189}}},"version":"v1"}