{"_sessions":{"BTK8athaQ2ni0kvHpjE9Os6Ia9rjNVggAtFvhkz3YFsU":{"registrationId":1301652748,"currentRatchet":{"ephemeralKeyPair":{"pubKey":"BZfNrdg/g5504LcVnk/mZyWa284IXZolWuTckpMmD2ET","privKey":"QHhceUBLyc+zAtxnDpuyS6GV2J+x/9Ee6kdtYEoAMmI="},"lastRemoteEphemeralKey":"BQex6P6ci6jwl4GlSSzunHO9LMPzkfqBE93cKpXE53FL","previousCounter":0,"rootKey":"ZqQKXUzEmFyrZzYqX5FdNlj1A6CvEYoBN0+0b5yFHfM="},"indexInfo":{"baseKey":"BTK8athaQ2ni0kvHpjE9Os6Ia9rjNVggAtFvhkz3YFsU","baseKeyType":1,"closed":-1,"used":1704163485961,"created":1704163485961,"remoteIdentityKey":"BVWKTWdIfHrJuXyZYGuqlsMqXYj6PfMZe9vBrHiZ2tVY"},"_chains":{"BZfNrdg/g5504LcVnk/mZyWa284IXZolWuTckpMmD2ET":{"chainKey":{"counter":1,"key":"SETxuFACgGmJyOPCbaPmrSi7Z/N8oUh+g/bDUR6g1Lc="},"chainType":1,"messageKeys":{}}},"pendingPreKey":{"signedKeyId":0,"baseKey":"BTK8athaQ2ni0kvHpjE9Os6Ia9rjNVggAtFvhkz3YFsU","preKeyId":2424099}}},"version":"v1"}