{"_sessions":{"BW8O0+JL23+QgspRIgZDGlObHwa2o+7dKswKUPlXM1ws":{"registrationId":681598736,"currentRatchet":{"ephemeralKeyPair":{"pubKey":"Bdtu22EAchYpBZZ5Q4SqGY2qm38R3AVk7vQvJcr8WSYt","privKey":"OC7COqQxVbqthGpQvcsx2RnE0lXPSu6F4hmNb6vjdGc="},"lastRemoteEphemeralKey":"BVAlqjvH+wdd1g/KuoPEikEhQ2e1sQoQPTwwuvQW2rpJ","previousCounter":0,"rootKey":"eAujU4Kmvm9m2i6Q92NqyCX8gvBKDgcM3nmX5C667Pc="},"indexInfo":{"baseKey":"BW8O0+JL23+QgspRIgZDGlObHwa2o+7dKswKUPlXM1ws","baseKeyType":1,"closed":-1,"used":1704163485920,"created":1704163485920,"remoteIdentityKey":"BQa2Zqczqqkwbzpvdqc6dEx2ucJT0xumIsdQ/v5ejMAN"},"_chains":{"Bdtu22EAchYpBZZ5Q4SqGY2qm38R3AVk7vQvJcr8WSYt":{"chainKey":{"counter":1,"key":"QfQ4NbZXpyIHhw6+6rkwY+F7jisFUpwM94I9nSKz5n8="},"chainType":1,"messageKeys":{}}},"pendingPreKey":{"signedKeyId":2,"baseKey":"BW8O0+JL23+QgspRIgZDGlObHwa2o+7dKswKUPlXM1ws","preKeyId":5792814}}},"version":"v1"}