{"_sessions":{"BY7OtAMZ8/7RzQKSmkBnprKZPYu+8/YTGGOcciPU2KBi":{"registrationId":1909093704,"currentRatchet":{"ephemeralKeyPair":{"pubKey":"BfHy2mfS+LzRZVNhyLOlpjKj97MbNpuAobDxWfz0hxVZ","privKey":"mA61wD5Bf52qT0l/vWpUOXSuryQIWC5b72CB2KzbiGY="},"lastRemoteEphemeralKey":"BS1KHmkfJUnS0hVDBtlFliO+cyqHYVxzOksmZoevoVhM","previousCounter":0,"rootKey":"YdlAc/s9uhqnqGa0aMw0UIk7TDjqMuyXzv5o2Sk4jY8="},"indexInfo":{"baseKey":"BY7OtAMZ8/7RzQKSmkBnprKZPYu+8/YTGGOcciPU2KBi","baseKeyType":2,"closed":-1,"used":1704148887602,"created":1704148887602,"remoteIdentityKey":"BeNU/oHjg3p6TtTNMvyQZGOD6XuOhsYmv8ScXt7oYKN9"},"_chains":{"BS1KHmkfJUnS0hVDBtlFliO+cyqHYVxzOksmZoevoVhM":{"chainKey":{"counter":1,"key":"NlCVBiAX8nGC2fEMYqxLbDfbi+yfPqF+CMLMn3C7u0Y="},"chainType":2,"messageKeys":{}},"BfHy2mfS+LzRZVNhyLOlpjKj97MbNpuAobDxWfz0hxVZ":{"chainKey":{"counter":1,"key":"3IWQU9XJ74frXbops+M5sLQerAACOzvFMurwE8vq5Hw="},"chainType":1,"messageKeys":{}}}}},"version":"v1"}