{"_sessions":{"BZL36r1B260vlex+1nOGeKsX+Fex65g/9F/IyHicY3cl":{"registrationId":578960640,"currentRatchet":{"ephemeralKeyPair":{"pubKey":"Bdoott7lzHf+SmGQPyT8SFKtBgC8Q9Y9K0fOqombxEln","privKey":"GJHhmTlKDQjLtTcEYtJ1vZY8aXv8p2f2qg0BmJv9MUc="},"lastRemoteEphemeralKey":"BauBrZtPMOn5Hg3wxcskzP0bq8MUmBURt5jmccT1X+9o","previousCounter":0,"rootKey":"f1iOqsHNmeUGcSGR9iGG/DNBMbKchdssUM5x9IGl79w="},"indexInfo":{"baseKey":"BZL36r1B260vlex+1nOGeKsX+Fex65g/9F/IyHicY3cl","baseKeyType":1,"closed":-1,"used":1704132689059,"created":1704132689059,"remoteIdentityKey":"BTBcDAf45yCHE6oVsRemGEg23gPRBKxgTVVp2LvdW0lQ"},"_chains":{"Bdoott7lzHf+SmGQPyT8SFKtBgC8Q9Y9K0fOqombxEln":{"chainKey":{"counter":8,"key":"0xogwu+pUUiWDSmHJ1NtO/60DFOCeTuL4WyJNShqvCY="},"chainType":1,"messageKeys":{}}},"pendingPreKey":{"signedKeyId":8,"baseKey":"BZL36r1B260vlex+1nOGeKsX+Fex65g/9F/IyHicY3cl","preKeyId":13050052}}},"version":"v1"}