{"_sessions":{"BbhUQ7l7C+vSkMjE196NKEKi4rykdJ6JgICR6y09ZhA4":{"registrationId":69464690,"currentRatchet":{"ephemeralKeyPair":{"pubKey":"Bc7onEnxGzktSzCr8XNcIcX7VjUR79obP0Yx7ZiQyycD","privKey":"oEjfXDBLjz3Z6GpezDSBPhFxOI+V5fnrb0qLakzz7mI="},"lastRemoteEphemeralKey":"BbaEO3NSD50Pmp5lSHfAx1k39qzXf8+4zjUbvdklKLV9","previousCounter":0,"rootKey":"hMPNSB2hZSlrCvo80WR2u8AwwECeAFprW9hLh3JkAJg="},"indexInfo":{"baseKey":"BbhUQ7l7C+vSkMjE196NKEKi4rykdJ6JgICR6y09ZhA4","baseKeyType":1,"closed":-1,"used":1704163485953,"created":1704163485953,"remoteIdentityKey":"BWUJ4zLNE4fCRaul1qyPEbYOnKkjcbzg4zhD6UGofb1v"},"_chains":{"Bc7onEnxGzktSzCr8XNcIcX7VjUR79obP0Yx7ZiQyycD":{"chainKey":{"counter":1,"key":"PWJN+C1D4K9lm9QD7rfduOwt2j7vxud9iC//L6ssb2U="},"chainType":1,"messageKeys":{}}},"pendingPreKey":{"signedKeyId":6,"baseKey":"BbhUQ7l7C+vSkMjE196NKEKi4rykdJ6JgICR6y09ZhA4","preKeyId":15151206}}},"version":"v1"}