{"_sessions":{"BRxvHChzM4+/Q693ThF726RLzj3Ol8Jkr+rKmZuzYStk":{"registrationId":1297064326,"currentRatchet":{"ephemeralKeyPair":{"pubKey":"BY7YtTyXTvmXmSjb67gqn4RJwKWeKOJM3tn0WR10GSA2","privKey":"uF4Xvbs0ETM1/rIQ0Bx6v7h4Dor1XM0DJutC4PJ7yFY="},"lastRemoteEphemeralKey":"Bd8xC3+SrxqjrJywSQ/VJ/xB1TiOVT1Rs4Z6XwdzUeN9","previousCounter":8,"rootKey":"oWRx1TGjSB7DtV6MbM4PRb4OaYNH22oJ46NzjAHb9zM="},"indexInfo":{"baseKey":"BRxvHChzM4+/Q693ThF726RLzj3Ol8Jkr+rKmZuzYStk","baseKeyType":1,"closed":-1,"used":1704171925815,"created":1704132689032,"remoteIdentityKey":"BS9ZTe0KGL8GflD2GxAeM29AxEIt1VLPbWtigyVsQAVk"},"_chains":{"Bd8xC3+SrxqjrJywSQ/VJ/xB1TiOVT1Rs4Z6XwdzUeN9":{"chainKey":{"counter":0,"key":"pegTUqNcdcrobKZtaTACqznfHBHcMcpRZqFPRffB3lo="},"chainType":2,"messageKeys":{}},"BY7YtTyXTvmXmSjb67gqn4RJwKWeKOJM3tn0WR10GSA2":{"chainKey":{"counter":-1,"key":"TxoiVWPIQJsDEYHCEy/dxnCZtg+uLGXaAHA9xdAWiOE="},"chainType":1,"messageKeys":{}}}}},"version":"v1"}