{"_sessions":{"BTffYcXM3C/SH7ihObO9XtJE2vc3ASCrKLmdiM15qgZW":{"registrationId":1472673392,"currentRatchet":{"ephemeralKeyPair":{"pubKey":"BZu9DeQqNPi2bAJ3ClHnHwrDYm4qlUPg9z6tZaMG6302","privKey":"0EgXozV20fSq6MtZeB77Fc8oeGuPucqgSm0d5YEDP3Q="},"lastRemoteEphemeralKey":"BUlhpIt7EHJo5h5S2XgAwF772fwHTF+sxAmL9yfJc3gC","previousCounter":0,"rootKey":"qRBDinLC7Hkysqw12aZwk27nvfOIRwWpE0P0JxlxUbM="},"indexInfo":{"baseKey":"BTffYcXM3C/SH7ihObO9XtJE2vc3ASCrKLmdiM15qgZW","baseKeyType":1,"closed":-1,"used":1704132688745,"created":1704132688745,"remoteIdentityKey":"Bao9rPsy75MCNU2lCLoIMCmG7QSXs0vXko8X4N4L4Edq"},"_chains":{"BZu9DeQqNPi2bAJ3ClHnHwrDYm4qlUPg9z6tZaMG6302":{"chainKey":{"counter":8,"key":"W5Vp7Fk0bim9A/l/hCPTLWcULadlXNvOaeUhENwxxwg="},"chainType":1,"messageKeys":{}}},"pendingPreKey":{"signedKeyId":10,"baseKey":"BTffYcXM3C/SH7ihObO9XtJE2vc3ASCrKLmdiM15qgZW","preKeyId":9648864}}},"version":"v1"}