{"_sessions":{"BdYwVombqwyQHUmetxh8D1f0/CyWPZSJHMeLcoSHCgJx":{"registrationId":993280976,"currentRatchet":{"ephemeralKeyPair":{"pubKey":"BRTToErjbk9I6uz6pIbezKD39HuuITlD3qKFToiI/rVe","privKey":"ADo9CtLydMAaTZXDaKkSs+/F9tp6NuG3MXfIOWWxnnQ="},"lastRemoteEphemeralKey":"BUHAOXswDIeTx6DA+FBZW7ByHi0FEv+CVjGGyRw8F0sL","previousCounter":0,"rootKey":"sa/6o993w+/einAAsv6P7jk/6VQNVvq2gePDby8Hq5U="},"indexInfo":{"baseKey":"BdYwVombqwyQHUmetxh8D1f0/CyWPZSJHMeLcoSHCgJx","baseKeyType":1,"closed":-1,"used":1704163485754,"created":1704163485754,"remoteIdentityKey":"BRf0ubzi6yiomBn3P7HM0PJ2FuFBge62oP91eh6Adaoi"},"_chains":{"BRTToErjbk9I6uz6pIbezKD39HuuITlD3qKFToiI/rVe":{"chainKey":{"counter":1,"key":"gOC6a0oKWEk2bXyIFhcL0WxjI9S+RhoT5gvrgCDdy7o="},"chainType":1,"messageKeys":{}}},"pendingPreKey":{"signedKeyId":12,"baseKey":"BdYwVombqwyQHUmetxh8D1f0/CyWPZSJHMeLcoSHCgJx","preKeyId":2360676}}},"version":"v1"}