{"_sessions":{"BR/7R/na4RyfqSk+2A1saYVquKFu1Z7C58J5YM5wVlob":{"registrationId":1456251525,"currentRatchet":{"ephemeralKeyPair":{"pubKey":"BRAZg02r4clhTx2NXjRCtdyWFuIH0yingriKtVsIOzxf","privKey":"2FoShn6H5pWOiaJtW9bRoRA3bDuFSEKoQ54JmemI8F8="},"lastRemoteEphemeralKey":"BYY/9LvMrmGOJQn7zvOEEF0Aeev9ler4abtNflnC9g0/","previousCounter":0,"rootKey":"+535CEa35dkkPa8cqnrgSU+QfbalOELN2Z9RJznE3BU="},"indexInfo":{"baseKey":"BR/7R/na4RyfqSk+2A1saYVquKFu1Z7C58J5YM5wVlob","baseKeyType":1,"closed":-1,"used":1704163485839,"created":1704163485839,"remoteIdentityKey":"BU1dz5BfmVBKfkaaPhjTaalMsD086KyXtd7xwM33GEYb"},"_chains":{"BRAZg02r4clhTx2NXjRCtdyWFuIH0yingriKtVsIOzxf":{"chainKey":{"counter":1,"key":"y8xOWJs2tLjzFD2aOIpQr+XltYGYLEnzpWNmi8Im0HI="},"chainType":1,"messageKeys":{}}},"pendingPreKey":{"signedKeyId":16,"baseKey":"BR/7R/na4RyfqSk+2A1saYVquKFu1Z7C58J5YM5wVlob","preKeyId":9383600}}},"version":"v1"}