{"_sessions":{"Bdz8gU1fttGX1RNg/Bp75cV+6u0236uyGVAM7LuvBttz":{"registrationId":717938891,"currentRatchet":{"ephemeralKeyPair":{"pubKey":"BVBVYifEE8qgcsuGZyD2xFC3Y6wdk/rcGgo4NiKOVvIV","privKey":"wG8YeJOjzUBCr655L3QrPewbqw3f05AXIhH8XuQAe0M="},"lastRemoteEphemeralKey":"Be/hFB2McEUFk6KV2CzEmGVW+DUphgXZX+b9Ddxj+QkY","previousCounter":0,"rootKey":"DHepj4SrJJnNCuJgqDPvnL6NAmkrrq1OG3KKeEdKr50="},"indexInfo":{"baseKey":"Bdz8gU1fttGX1RNg/Bp75cV+6u0236uyGVAM7LuvBttz","baseKeyType":1,"closed":-1,"used":1704163485749,"created":1704163485749,"remoteIdentityKey":"BcP50mfi1v1S0jRug7oKQnMJAou1LUEqQpRhiMgH0TQg"},"_chains":{"BVBVYifEE8qgcsuGZyD2xFC3Y6wdk/rcGgo4NiKOVvIV":{"chainKey":{"counter":1,"key":"K5CpNDday793dyABT3qmO0gH1N+P7V5cbAJxADqVUh4="},"chainType":1,"messageKeys":{}}},"pendingPreKey":{"signedKeyId":4,"baseKey":"Bdz8gU1fttGX1RNg/Bp75cV+6u0236uyGVAM7LuvBttz","preKeyId":9433606}}},"version":"v1"}