{"_sessions":{"BQwhIxriW+rl6pS0x7POY6OfbtJ7w2quQVOXVEmmVtY5":{"registrationId":343,"currentRatchet":{"ephemeralKeyPair":{"pubKey":"BbWzjBQn/01yB7+DFF9PR+KqD0VlPbi0g1bSCYPK721D","privKey":"OE/1x9Za7tdj+Y3sehAnB3bI7tRj5NYAb33RTtA//ms="},"lastRemoteEphemeralKey":"BVtxGV0XFU3ZmrLkDp/V08RNvsZuViW6ZwiT0BdFj5Qb","previousCounter":0,"rootKey":"30as3h9ViAxWq2lD85sMRw3O5Z8j/umR1jGsbcRYFRc="},"indexInfo":{"baseKey":"BQwhIxriW+rl6pS0x7POY6OfbtJ7w2quQVOXVEmmVtY5","baseKeyType":1,"closed":-1,"used":1704132688631,"created":1704132688631,"remoteIdentityKey":"BUOY4aKS6JfO0B4FJ7ZMMnphFP45R6N9cq892OlCUDoa"},"_chains":{"BbWzjBQn/01yB7+DFF9PR+KqD0VlPbi0g1bSCYPK721D":{"chainKey":{"counter":8,"key":"Itjy57Cssa8G1iVYRdMjTK2vHcFuJWrf0fZmlH+0eLU="},"chainType":1,"messageKeys":{}}},"pendingPreKey":{"signedKeyId":1,"baseKey":"BQwhIxriW+rl6pS0x7POY6OfbtJ7w2quQVOXVEmmVtY5","preKeyId":117}}},"version":"v1"}