{"_sessions":{"BQt6g7zkjI9Y7K+/q/yPMo8hWASICAaMvPSwKDQ9r/t7":{"registrationId":1002666969,"currentRatchet":{"ephemeralKeyPair":{"pubKey":"BWfaSfsnB1fvXrUvguUNZdvwJZ1hfzamPbFZwY0cFIZg","privKey":"WLL50tB64LCu7WHeMq0nS4gWgG4AHT235iR1iinI4HI="},"lastRemoteEphemeralKey":"BSSjeqogzq0a+TfhxpSf03LM01i7J9y15xdC/gvJ060P","previousCounter":0,"rootKey":"tRPOdnIbpmSMboS/jXoN+zaqWVgppsTHMBmTFhJ6ac8="},"indexInfo":{"baseKey":"BQt6g7zkjI9Y7K+/q/yPMo8hWASICAaMvPSwKDQ9r/t7","baseKeyType":1,"closed":-1,"used":1704163485862,"created":1704163485862,"remoteIdentityKey":"BbnMPMreOQODJOiUM8mQfnAmSTalKSxQgnzk1wsI51AJ"},"_chains":{"BWfaSfsnB1fvXrUvguUNZdvwJZ1hfzamPbFZwY0cFIZg":{"chainKey":{"counter":1,"key":"k97/l9DgAC/k+O31A1OZ1Qugr9/Guo44K2bVXiTTzts="},"chainType":1,"messageKeys":{}}},"pendingPreKey":{"signedKeyId":7,"baseKey":"BQt6g7zkjI9Y7K+/q/yPMo8hWASICAaMvPSwKDQ9r/t7","preKeyId":9442171}}},"version":"v1"}