{"_sessions":{"Be+XP9mh0IJcmfSJTm5ZDygh8DuI3tsmi4kuisAqIe0e":{"registrationId":1488397648,"currentRatchet":{"ephemeralKeyPair":{"pubKey":"BXWQryVbvjHcBh3g+lYyLXsGVWbiOFl62w8UR7vup08Y","privKey":"OCLgPdDbVD9DE2y/T+cbY+NADmx0fNJ3dDetiiJU3Xg="},"lastRemoteEphemeralKey":"BQ3H+BoRhKITPdpnNCFeeoiD6gDXWCpEAHJv9axUkDhG","previousCounter":0,"rootKey":"aLx/RfkPty/qt46X0WIXwiyxY6r6IJxTy5hCtA9eGI0="},"indexInfo":{"baseKey":"Be+XP9mh0IJcmfSJTm5ZDygh8DuI3tsmi4kuisAqIe0e","baseKeyType":1,"closed":-1,"used":1704163485826,"created":1704163485826,"remoteIdentityKey":"BS0iTpeZL1JWzlJZRz9Y2gD7TzYGuihA4AYG353lkKtg"},"_chains":{"BXWQryVbvjHcBh3g+lYyLXsGVWbiOFl62w8UR7vup08Y":{"chainKey":{"counter":1,"key":"WonmW3H9Iuq/Wl1TNqE9n6ReBVb4SyXcDNdQlLXq15o="},"chainType":1,"messageKeys":{}}},"pendingPreKey":{"signedKeyId":15,"baseKey":"Be+XP9mh0IJcmfSJTm5ZDygh8DuI3tsmi4kuisAqIe0e","preKeyId":12513385}}},"version":"v1"}