{"_sessions":{"BX6Qyx9MtXeNfRbADINidd222rAt71FSbkxr8swBzPQV":{"registrationId":1115901735,"currentRatchet":{"ephemeralKeyPair":{"pubKey":"BY5mxQNL/FhRZvWEMEBUScFX5hxqDVrpjiEmHG3PFrd4","privKey":"4MhyRzJI0Aa4eO39Benuua6Y1sNQrjtm2sXFutEHXkM="},"lastRemoteEphemeralKey":"BR7oLk9x+rMmY19eZ4036Mob97d1AbJTo+SygkfSbT1+","previousCounter":0,"rootKey":"MQ9FPBshfj2BGqxj+I6z9CKorfDlWjZv3keA0R+XxTg="},"indexInfo":{"baseKey":"BX6Qyx9MtXeNfRbADINidd222rAt71FSbkxr8swBzPQV","baseKeyType":1,"closed":-1,"used":1704163485923,"created":1704163485923,"remoteIdentityKey":"BZXM7fCFvjtqvdzHY9IoSRT36M3avguew9M3JQ2VrPZQ"},"_chains":{"BY5mxQNL/FhRZvWEMEBUScFX5hxqDVrpjiEmHG3PFrd4":{"chainKey":{"counter":1,"key":"tLAcqczPSfAP1fRGRjhhVaCEgDySmOJQrcmYU9baBfk="},"chainType":1,"messageKeys":{}}},"pendingPreKey":{"signedKeyId":20,"baseKey":"BX6Qyx9MtXeNfRbADINidd222rAt71FSbkxr8swBzPQV","preKeyId":9383312}}},"version":"v1"}