{"_sessions":{"BQk27gOG5cdQbHBm5OFaegQ4Z476GjjCLnVMXnKzWvVq":{"registrationId":304935720,"currentRatchet":{"ephemeralKeyPair":{"pubKey":"BWmhgvD7OdZ4N8Y1R8snWdTUBTCjWpUmpWD4gCUYu9Qh","privKey":"+EPpORUThbPDlSRS+lnkqFCn+lXMqJ1bCYgOhnit50w="},"lastRemoteEphemeralKey":"BeZIGl/I6u5vHe1GRD3HR7j7b70y7/b+1UQ1IxG5IIIX","previousCounter":0,"rootKey":"Ni5JQcdujUwbkGJR/GzcS0rErds9sazntOGYbEs2xRE="},"indexInfo":{"baseKey":"BQk27gOG5cdQbHBm5OFaegQ4Z476GjjCLnVMXnKzWvVq","baseKeyType":1,"closed":-1,"used":1704132688918,"created":1704132688918,"remoteIdentityKey":"BRy3uvKl6Dlmw/JrnLCNN9Rn6i2e+0SNl7KK51dfqkQg"},"_chains":{"BWmhgvD7OdZ4N8Y1R8snWdTUBTCjWpUmpWD4gCUYu9Qh":{"chainKey":{"counter":10,"key":"GW9Ojidnlkzi4SQw2I8zDQXnSyDvNOmjPkFesiChAp0="},"chainType":1,"messageKeys":{}}},"pendingPreKey":{"signedKeyId":7,"baseKey":"BQk27gOG5cdQbHBm5OFaegQ4Z476GjjCLnVMXnKzWvVq","preKeyId":3836438}}},"version":"v1"}