{"_sessions":{"BSilD32T4r8LL6EZf5sHv3f3xMsqpeFRefyZgFK5iJw9":{"registrationId":1532511383,"currentRatchet":{"ephemeralKeyPair":{"pubKey":"BRJ/pUblBgGSeeQBbak1HlyfgoBH/qTKjP4dfI0oZRxI","privKey":"INueszSRsiaWwDRieeVEbni7KKTD4Cwcue6HW4nKAWA="},"lastRemoteEphemeralKey":"BWET/SAINbr/B9l2LZfOy3vx+L8o/eSD/GAgGNgDggYp","previousCounter":0,"rootKey":"XTMUN0bIrmq4XUzD6y4kgv3amknRodVBYmODF2YeUzU="},"indexInfo":{"baseKey":"BSilD32T4r8LL6EZf5sHv3f3xMsqpeFRefyZgFK5iJw9","baseKeyType":1,"closed":-1,"used":1704163485828,"created":1704163485828,"remoteIdentityKey":"BSC+g4k0jqrzEhnnG5s44AB7raa2hyMhHVt8dMOCfgcE"},"_chains":{"BRJ/pUblBgGSeeQBbak1HlyfgoBH/qTKjP4dfI0oZRxI":{"chainKey":{"counter":1,"key":"Fv06IXOrL3laBEzO/kcwEsFXdwDVWGfhnvYOaq1EyFs="},"chainType":1,"messageKeys":{}}},"pendingPreKey":{"signedKeyId":1,"baseKey":"BSilD32T4r8LL6EZf5sHv3f3xMsqpeFRefyZgFK5iJw9"}}},"version":"v1"}