{"_sessions":{"BVUcUUNc3W4KYSuAairbgyNuVeeBOfc6QiV1P7v5obZ2":{"registrationId":1695263190,"currentRatchet":{"ephemeralKeyPair":{"pubKey":"BQlYxRRlRi41GtVJ9nB+95wrPfBDg9gFagvcUic/8UwQ","privKey":"2JRuKnFD1XnggakTQXM69lR/t09pmW0o7YATMN3NXn8="},"lastRemoteEphemeralKey":"BRRbv0WYGtQh8wVNCgUW+G9gdPHu1srQsAYO++MqJ/1v","previousCounter":0,"rootKey":"IERY1tYb3np2a8So4kEIF7iAaLyhehgrHrFj5QIb8eo="},"indexInfo":{"baseKey":"BVUcUUNc3W4KYSuAairbgyNuVeeBOfc6QiV1P7v5obZ2","baseKeyType":1,"closed":-1,"used":1704132688720,"created":1704132688720,"remoteIdentityKey":"BUJ2KRUUTBIkpjN+3WqZ1w55uevYEqUBofwUXBThox92"},"_chains":{"BQlYxRRlRi41GtVJ9nB+95wrPfBDg9gFagvcUic/8UwQ":{"chainKey":{"counter":8,"key":"QlJYakv9rhuVuncj9MFPVUAmX6GaJXjPOZAh7ZHFyeY="},"chainType":1,"messageKeys":{}}},"pendingPreKey":{"signedKeyId":0,"baseKey":"BVUcUUNc3W4KYSuAairbgyNuVeeBOfc6QiV1P7v5obZ2"}}},"version":"v1"}