{"_sessions":{"BYuro3QROcJyTlKZTHfeVMqnXGXRuv5aRHZl5RBwW39b":{"registrationId":236,"currentRatchet":{"ephemeralKeyPair":{"pubKey":"BUrVXQTwrUYBjsuOqe25v3dYqvjYWNsuPdBkwwmMRzNG","privKey":"CMsaGV9/WAX6WgOApzCQXh1pJgmWxsv3Ia5aP3xgW1M="},"lastRemoteEphemeralKey":"BaPhyNjrsx1s/rkgwY4boKkjC6keeUYT5HpTx79bbkpx","previousCounter":0,"rootKey":"3mUpeD3LUZs/q8xMmmpJavmpHjjhpc8fblP/quqlQUk="},"indexInfo":{"baseKey":"BYuro3QROcJyTlKZTHfeVMqnXGXRuv5aRHZl5RBwW39b","baseKeyType":1,"closed":-1,"used":1704163437849,"created":1704163437849,"remoteIdentityKey":"BVHeRkEQV8pkMnCfMrShyOjsyENyj09CN5f71t907J9w"},"_chains":{"BUrVXQTwrUYBjsuOqe25v3dYqvjYWNsuPdBkwwmMRzNG":{"chainKey":{"counter":1,"key":"+6l+1RsJ4ZL3vULS6s/TyPormli1wqCH+ICMKXeAjFA="},"chainType":1,"messageKeys":{}}},"pendingPreKey":{"signedKeyId":1,"baseKey":"BYuro3QROcJyTlKZTHfeVMqnXGXRuv5aRHZl5RBwW39b"}}},"version":"v1"}