{"_sessions":{"BUZMqOJ4j7aZ4+bcA90F0B0E+96EJfeu1bJ5I85PhG0L":{"registrationId":620372484,"currentRatchet":{"ephemeralKeyPair":{"pubKey":"BZTHrmPdGBGcl/0p2A0X37q7UtHLltzsA7/LB8fTJ9gf","privKey":"cKDLwaAgI/eqJ4qD8Zh4MCHTF9Olj7+wMJWcNsgDc0c="},"lastRemoteEphemeralKey":"BWVBp9419cnUbM9ORNqtE9ZQE4LUhUk8YKXUiG+ErHwY","previousCounter":6,"rootKey":"+7cw6tj+YTJ47tJOKrXZGv2p1EVT98szXnGDcI77+sg="},"indexInfo":{"baseKey":"BUZMqOJ4j7aZ4+bcA90F0B0E+96EJfeu1bJ5I85PhG0L","baseKeyType":1,"closed":-1,"used":1704181522982,"created":1704132688841,"remoteIdentityKey":"BWFVxF2KHldnpI945E3NUgtc/BHYmLTgmWOWGl/ln/pX"},"_chains":{"BaktrW7qMsc2g7W7eg69R/Yul0cJnLc6VtdZarsd5UIE":{"chainKey":{"counter":0},"chainType":2,"messageKeys":{}},"BWVBp9419cnUbM9ORNqtE9ZQE4LUhUk8YKXUiG+ErHwY":{"chainKey":{"counter":1,"key":"cYgkzUIlfPpE8vF/hUTtJwsZ093uC8822yzG8vgzU9c="},"chainType":2,"messageKeys":{}},"BZTHrmPdGBGcl/0p2A0X37q7UtHLltzsA7/LB8fTJ9gf":{"chainKey":{"counter":-1,"key":"7RpwSpPW2XJ0dDEN9BRxXdzkfDc0DwAsoJO4sKzO4MI="},"chainType":1,"messageKeys":{}}}}},"version":"v1"}