{"_sessions":{"BV0Mpoqgz2QSHZql6UYi6gYwncqXKzOSoavw1vy6n00G":{"registrationId":527883790,"currentRatchet":{"ephemeralKeyPair":{"pubKey":"BXwO4YOBMsGGHHHtIQR+mNoXuDJyMbdQLrzm3z4la2gQ","privKey":"cNCEpGHlNyWQZ2csXgeoI+cAZW0+1rqaTA7GlsYLO00="},"lastRemoteEphemeralKey":"BUhTRdsqiXuIDnlWSPmJYlPsAHvNHgOJTmzNQDOM5FYH","previousCounter":0,"rootKey":"/EZqb52XOSwkAxAFDyj5AyAmi5EeTq2iJ5fzcNOvNa8="},"indexInfo":{"baseKey":"BV0Mpoqgz2QSHZql6UYi6gYwncqXKzOSoavw1vy6n00G","baseKeyType":1,"closed":-1,"used":1704132688932,"created":1704132688932,"remoteIdentityKey":"BdjZBt87f/5OCBsNuSR3h/2KF5TyQQVOOambPhdjwuEl"},"_chains":{"BXwO4YOBMsGGHHHtIQR+mNoXuDJyMbdQLrzm3z4la2gQ":{"chainKey":{"counter":8,"key":"ldx47bUrMgqpxcatC8RRwqfCiNWcFQf6XJBOFku/hek="},"chainType":1,"messageKeys":{}}},"pendingPreKey":{"signedKeyId":9,"baseKey":"BV0Mpoqgz2QSHZql6UYi6gYwncqXKzOSoavw1vy6n00G"}}},"version":"v1"}