{"_sessions":{"BbX+yEPMobZ4SyTlhPA2nQ6eDb+kcgi/h9k273UNsAME":{"registrationId":671500091,"currentRatchet":{"ephemeralKeyPair":{"pubKey":"Bb+vk8O1vCe2lXBV5uN2Ds+MFaRNgrnhF/7osS4mDxk5","privKey":"MCJB7ArzY+S+tA6qkDAx9zPoexpcW5wjzdN4WgoSFU0="},"lastRemoteEphemeralKey":"BWon5I4A6Fj+D4HdS7dQduvBeBqC4JYhJEmkHRk/8nRS","previousCounter":0,"rootKey":"vDNTFepgmr8CfEVnV9hMs4tUHGUnZw0FC3qbwAU3m60="},"indexInfo":{"baseKey":"BbX+yEPMobZ4SyTlhPA2nQ6eDb+kcgi/h9k273UNsAME","baseKeyType":1,"closed":-1,"used":1704163486027,"created":1704163486027,"remoteIdentityKey":"Bd5AEQ569Uelntd5LN/oDT/9WH/YUMh/dEtxqIT26BpD"},"_chains":{"Bb+vk8O1vCe2lXBV5uN2Ds+MFaRNgrnhF/7osS4mDxk5":{"chainKey":{"counter":1,"key":"7Xy+hHZg6HfQc66MHWjjGhpbNpWaJBmjUBrUsvCfvOY="},"chainType":1,"messageKeys":{}}},"pendingPreKey":{"signedKeyId":13,"baseKey":"BbX+yEPMobZ4SyTlhPA2nQ6eDb+kcgi/h9k273UNsAME","preKeyId":15279142}}},"version":"v1"}