{"_sessions":{"BQaiDs259b8ePCSR57M2mtmfebKB73b8BQv/Br1emFQI":{"registrationId":132380127,"currentRatchet":{"ephemeralKeyPair":{"pubKey":"BVKHoCqufM6+Td0l8d9dDFm6AN28CTihz1vIt7DOBAlq","privKey":"ODys+PMWmtSl+HD3K2tPbp8ZMIiHEBmBw4G9fxZPJ00="},"lastRemoteEphemeralKey":"Beo4zeL27xrjLg6J7qCiSaHnTV3oJlEFqHWOJ+7ZzXYr","previousCounter":6,"rootKey":"GydpZGavL/Ot0dWtO87v+nlfQMnnOMyHdvZMAES30Bs="},"indexInfo":{"baseKey":"BQaiDs259b8ePCSR57M2mtmfebKB73b8BQv/Br1emFQI","baseKeyType":1,"closed":-1,"used":1704172599930,"created":1704132688837,"remoteIdentityKey":"BS0lAjULRWV1TyHi/5ISnf6mPg1AmG2b+k9Vm35DLNFk"},"_chains":{"BcHCuwpyHXTRG1fzON4rgsGmNbbMhnqVRfJ+NfXGbEsQ":{"chainKey":{"counter":0},"chainType":2,"messageKeys":{}},"Beo4zeL27xrjLg6J7qCiSaHnTV3oJlEFqHWOJ+7ZzXYr":{"chainKey":{"counter":0,"key":"f0gSW3MEYhRKXpEkJm9cbDz3fp25glQCfbPWfPg4DnI="},"chainType":2,"messageKeys":{}},"BVKHoCqufM6+Td0l8d9dDFm6AN28CTihz1vIt7DOBAlq":{"chainKey":{"counter":-1,"key":"y3ailnzVZhBzcl3iAsIqUsL6EFp+XkldYVchdsybjs8="},"chainType":1,"messageKeys":{}}}}},"version":"v1"}