{"_sessions":{"BUBJtHdJhyl/+kq4+PdxNtQ5Qw75Mh8gucWJE2Txhzhk":{"registrationId":1266379341,"currentRatchet":{"ephemeralKeyPair":{"pubKey":"BX4VnPK18h3rHv2SWa0p32miC9GqdpLF6AtHVtdna6FV","privKey":"0Fj5PlLrCUAdT/aC3cbw1ctwMB5eUKwGXnfQ1K6U5FY="},"lastRemoteEphemeralKey":"BawFWYsmN7j73f42/GgZ2rHkoTxe80qPectfiWHWg3dm","previousCounter":0,"rootKey":"eK+KhoKIRKDStkU05sdJnQpKSUE0FuKAMHrDf/VFnVo="},"indexInfo":{"baseKey":"BUBJtHdJhyl/+kq4+PdxNtQ5Qw75Mh8gucWJE2Txhzhk","baseKeyType":1,"closed":-1,"used":1704163485933,"created":1704163485933,"remoteIdentityKey":"BbYu6mKuwj76AgCweSiz/xmm4idrIf6Tulet59JcQlZB"},"_chains":{"BX4VnPK18h3rHv2SWa0p32miC9GqdpLF6AtHVtdna6FV":{"chainKey":{"counter":1,"key":"W2Y5uCnhBsGmX3sqBcGEM4x00Ua9Vg/eP8vPzxYLCeg="},"chainType":1,"messageKeys":{}}},"pendingPreKey":{"signedKeyId":31,"baseKey":"BUBJtHdJhyl/+kq4+PdxNtQ5Qw75Mh8gucWJE2Txhzhk","preKeyId":11642561}}},"version":"v1"}