{"_sessions":{"BWT3n2RcdlqEBkYif/8Tv7CYyGtvoRxyo87k8YW0X45L":{"registrationId":775066832,"currentRatchet":{"ephemeralKeyPair":{"pubKey":"BYwNjQ1x50RigEIwlu5Ptm7+2isAEsbQJ4x59o43ZTdM","privKey":"iFElvUc2f3YAemurAZV3LEU1I5+sKqUu7OBi2v3rSUs="},"lastRemoteEphemeralKey":"BSESXe5rK9nR3Bq4AuC7mG4FRb9rJa5+z0eQeKNz4ppA","previousCounter":0,"rootKey":"a62E3AT4qFh8Uxq18zEdFbgyXg1+lUb8VyZ57pxzAC0="},"indexInfo":{"baseKey":"BWT3n2RcdlqEBkYif/8Tv7CYyGtvoRxyo87k8YW0X45L","baseKeyType":1,"closed":-1,"used":1704163485928,"created":1704163485928,"remoteIdentityKey":"BdKR4dDkH3OTaOuK5yTQ8urNG1UMfxFT7YkMOsMTxtpT"},"_chains":{"BYwNjQ1x50RigEIwlu5Ptm7+2isAEsbQJ4x59o43ZTdM":{"chainKey":{"counter":1,"key":"TcfGLB4/b/b8bEEO79tavsbA5WXiJK8ltZMob2xk3co="},"chainType":1,"messageKeys":{}}},"pendingPreKey":{"signedKeyId":0,"baseKey":"BWT3n2RcdlqEBkYif/8Tv7CYyGtvoRxyo87k8YW0X45L","preKeyId":6088166}}},"version":"v1"}