{"_sessions":{"BQ6ELR7EL4Sgl4EVD1VBdL3JceuUVNidk74k6sgMBF40":{"registrationId":325627027,"currentRatchet":{"ephemeralKeyPair":{"pubKey":"BejWOdlHqnr/QqN41xiyCyl5U/WzFfjts5rnaQwkgytM","privKey":"mMy98m9lR4PMlk3z+/dQm+gRy38m2sePvfCx9y8WWVQ="},"lastRemoteEphemeralKey":"BcrZqKEbjT5usyKedfPRipwgUfb7UeX9O99httjz1mkc","previousCounter":0,"rootKey":"y9Xv/+FRWCzi+DezH3ChrdxUJb79vDnh1ObAvEvWSVE="},"indexInfo":{"baseKey":"BQ6ELR7EL4Sgl4EVD1VBdL3JceuUVNidk74k6sgMBF40","baseKeyType":1,"closed":-1,"used":1704163485948,"created":1704163485948,"remoteIdentityKey":"BVBPw8wb264g0qGxXQNigbMO3ZyyvQkVwtF6cusxs6Y/"},"_chains":{"BejWOdlHqnr/QqN41xiyCyl5U/WzFfjts5rnaQwkgytM":{"chainKey":{"counter":1,"key":"6D9AYrw/rkzXgvzjk3uqp+rVgJvccbs0Dm3Huq61rsc="},"chainType":1,"messageKeys":{}}},"pendingPreKey":{"signedKeyId":4,"baseKey":"BQ6ELR7EL4Sgl4EVD1VBdL3JceuUVNidk74k6sgMBF40","preKeyId":2601128}}},"version":"v1"}