{"_sessions":{"BUB32y8IMo3Ha1C/Fl+3NNdPt7zTYhPeC5JyfT0B5/92":{"registrationId":519225714,"currentRatchet":{"ephemeralKeyPair":{"pubKey":"BSmsKuTeXPY4mF1kXIGpUvPHaveM8IyQV/oqU4g9k1Ig","privKey":"0ELtIlYAPQPxJ4nuFFtat38OvTie0uiF9OJEp3QYt2E="},"lastRemoteEphemeralKey":"BXtwF25MEuPb+mPKYu8Fy7RAsxL5znT0CaT7go8TmkcV","previousCounter":0,"rootKey":"4AXvDATjmaIroG18axpGU9VdQazftUczywWaHHpWQu8="},"indexInfo":{"baseKey":"BUB32y8IMo3Ha1C/Fl+3NNdPt7zTYhPeC5JyfT0B5/92","baseKeyType":1,"closed":-1,"used":1704163486024,"created":1704163486024,"remoteIdentityKey":"BX9mYZlWKrtYSAbWQB0P3VeAbVUSITjLXdteEeAe6wo2"},"_chains":{"BSmsKuTeXPY4mF1kXIGpUvPHaveM8IyQV/oqU4g9k1Ig":{"chainKey":{"counter":1,"key":"1Gmfn/wXrTRMw8zihpzp9SvAE7SwQeUXqYC9wwR2qi4="},"chainType":1,"messageKeys":{}}},"pendingPreKey":{"signedKeyId":1,"baseKey":"BUB32y8IMo3Ha1C/Fl+3NNdPt7zTYhPeC5JyfT0B5/92","preKeyId":15808457}}},"version":"v1"}