{"_sessions":{"BT+Ui67B8F3cFzJ3CpdYcZ1Wno+rt2F2fVQKlceTX8l4":{"registrationId":587673562,"currentRatchet":{"ephemeralKeyPair":{"pubKey":"BVp3eCVIsW3a0MFNj4xv1mKQeEPy6FyMxgQ3KJTpe9pT","privKey":"kNhHpRG9V/Eh+mDq6umUiwYIoAPPza5IjbDXQ2xNSmA="},"lastRemoteEphemeralKey":"BYMU+IbYoROBjr2vV0g5HjBRtfYE2YMWfP7T8sHmrn1L","previousCounter":0,"rootKey":"tWk+JvYWbvd9tbILTKQMck8PQHRjMWWO1p07fGq6z5Y="},"indexInfo":{"baseKey":"BT+Ui67B8F3cFzJ3CpdYcZ1Wno+rt2F2fVQKlceTX8l4","baseKeyType":1,"closed":-1,"used":1704132688861,"created":1704132688861,"remoteIdentityKey":"BdI5A0Yavi6uCuC73AxXIAHcmGTz3w4zLuvIunMlgW9e"},"_chains":{"BVp3eCVIsW3a0MFNj4xv1mKQeEPy6FyMxgQ3KJTpe9pT":{"chainKey":{"counter":8,"key":"/1/5x3NmV6lgOA6+T0+YG68ra9lvCl7dPQ0lzkmw5VM="},"chainType":1,"messageKeys":{}}},"pendingPreKey":{"signedKeyId":0,"baseKey":"BT+Ui67B8F3cFzJ3CpdYcZ1Wno+rt2F2fVQKlceTX8l4"}}},"version":"v1"}