{"_sessions":{"Bf/MCp1n6Dr4TqA6pwqRkDZiRhdMM/ibwsAWa/WMQ/IS":{"registrationId":662783658,"currentRatchet":{"ephemeralKeyPair":{"pubKey":"BYi+lnnFB0CtHvlV6hYdLbq5R17rH+8dSumG9qU2Pwpu","privKey":"8J5J6y0PJKfRym+QxPRegDhTxBQl1kMqqeRPBAf8NE4="},"lastRemoteEphemeralKey":"BWm0KBtbkrdZQybHYNA4Dhl/w+/y6lLoSbZEvIFjaONV","previousCounter":0,"rootKey":"t0KLr7bWQqLE0B1cFzgDrnvV7NODejHnICN1BSQL3Uk="},"indexInfo":{"baseKey":"Bf/MCp1n6Dr4TqA6pwqRkDZiRhdMM/ibwsAWa/WMQ/IS","baseKeyType":1,"closed":-1,"used":1704132688959,"created":1704132688959,"remoteIdentityKey":"BUsgLcTS/N572+C6sUtlE6qzxtHaoBCaR9CQ9hZcRV01"},"_chains":{"BYi+lnnFB0CtHvlV6hYdLbq5R17rH+8dSumG9qU2Pwpu":{"chainKey":{"counter":8,"key":"xmtD0s9/4CZEGXzfbdxkPZhhHntg4zlAwWaioNZI3NU="},"chainType":1,"messageKeys":{}}},"pendingPreKey":{"signedKeyId":24,"baseKey":"Bf/MCp1n6Dr4TqA6pwqRkDZiRhdMM/ibwsAWa/WMQ/IS","preKeyId":16486194}}},"version":"v1"}