{"_sessions":{"BXfqqQ4bj0nT4w325Wny2fbwW9OZzScbt/Ccx7AvevBW":{"registrationId":1598955655,"currentRatchet":{"ephemeralKeyPair":{"pubKey":"BTBHdoSY+ggquKkUyRChPkCIhX/bciQzpfoCewWGrX12","privKey":"gGf6Dmm4qaocIj+sZ+HeEor6bFA5D4/SpAsBUSa3hUo="},"lastRemoteEphemeralKey":"Bae1xrNdgdq+BKTaGL62k/Yyew7Kq9/SC7SZzsLQv0Jf","previousCounter":0,"rootKey":"kw4cg4ZrDv4fyoeuPHgFvrwPNwr8xiHegQ+E21BxtS4="},"indexInfo":{"baseKey":"BXfqqQ4bj0nT4w325Wny2fbwW9OZzScbt/Ccx7AvevBW","baseKeyType":1,"closed":-1,"used":1704163485847,"created":1704163485847,"remoteIdentityKey":"BbCWEJSaGcRzItWj+3/PTi1PxVv3e+SK+BCRgwcEnOsk"},"_chains":{"BTBHdoSY+ggquKkUyRChPkCIhX/bciQzpfoCewWGrX12":{"chainKey":{"counter":1,"key":"B/imcsHVqehIDipXIw3jS2oqc0D2p+jMYT7Qtfm9jn8="},"chainType":1,"messageKeys":{}}},"pendingPreKey":{"signedKeyId":1,"baseKey":"BXfqqQ4bj0nT4w325Wny2fbwW9OZzScbt/Ccx7AvevBW","preKeyId":10264720}}},"version":"v1"}