{"_sessions":{"BQI7XHzXDydiT4Q7Mu8w6ynHA+x5UTpRSGpITj64ZPFT":{"registrationId":1167019761,"currentRatchet":{"ephemeralKeyPair":{"pubKey":"BT2ZmgvhuTCbjhNzSsScKSqJnrSwoCZYnZZ+MvYivD81","privKey":"2FQ61Tpu8krMpWRjYy9cBCThmFhr9PZtDgtItjAIbUo="},"lastRemoteEphemeralKey":"BaTfwpqPGCHengrD2po7+88X32K9CtEgqo7MUI8IrYBO","previousCounter":0,"rootKey":"U6QL9ZdEKFsatkYYfA+7qJv//bMkIKMBeWmEvAiD/u0="},"indexInfo":{"baseKey":"BQI7XHzXDydiT4Q7Mu8w6ynHA+x5UTpRSGpITj64ZPFT","baseKeyType":1,"closed":-1,"used":1704163485747,"created":1704163485747,"remoteIdentityKey":"BVR6bQC+kHHWGj9mWRpSjyqoXy6rMH+mIQM6V1PM9OkE"},"_chains":{"BT2ZmgvhuTCbjhNzSsScKSqJnrSwoCZYnZZ+MvYivD81":{"chainKey":{"counter":1,"key":"Zq5wPcuC0iYYVbgMIovOyszWRuVDqdlqrWXG2ucjT7M="},"chainType":1,"messageKeys":{}}},"pendingPreKey":{"signedKeyId":1,"baseKey":"BQI7XHzXDydiT4Q7Mu8w6ynHA+x5UTpRSGpITj64ZPFT","preKeyId":11598899}}},"version":"v1"}