{"_sessions":{"BXVbYLcsh8J6hkvtPM9kKFZd5rjASuQDB25w4YY7qNwF":{"registrationId":251500339,"currentRatchet":{"ephemeralKeyPair":{"pubKey":"BdcCXTF4K6V48xn/ZEVUhDJt4vSLFZjr+3lKz2A9ROse","privKey":"sCpmxrvXmY3veMXsPV2nAcNOL1UeEgBCj2opUk97dWA="},"lastRemoteEphemeralKey":"BSunBtAmXKhl0H2dpSkYEdMHgrySLv2RFbngaKh93SsI","previousCounter":0,"rootKey":"Xga8B6xxQXVJIcRZTnASmJlYUUm6NKhZRALAh3lx2RA="},"indexInfo":{"baseKey":"BXVbYLcsh8J6hkvtPM9kKFZd5rjASuQDB25w4YY7qNwF","baseKeyType":1,"closed":-1,"used":1704163485850,"created":1704163485850,"remoteIdentityKey":"Bfg3BQxhcb9uEQJkFs79AmZC5xI/joPukXis5dHt8Ucc"},"_chains":{"BdcCXTF4K6V48xn/ZEVUhDJt4vSLFZjr+3lKz2A9ROse":{"chainKey":{"counter":1,"key":"DBalFEi0LCirMslOIf1JiJkpGdgcuQy07sKzketZHJk="},"chainType":1,"messageKeys":{}}},"pendingPreKey":{"signedKeyId":4,"baseKey":"BXVbYLcsh8J6hkvtPM9kKFZd5rjASuQDB25w4YY7qNwF","preKeyId":12638756}}},"version":"v1"}