{"_sessions":{"BWQ91d0qa2xhefD4fEV0kyZS8lpcTj+agz6tTrLC3Dlp":{"registrationId":920416569,"currentRatchet":{"ephemeralKeyPair":{"pubKey":"BbDuH+o44y+0Uo0h/AAJwEAZHd2ytlGubZWMk3ccWm99","privKey":"GI68A2WedVMKvDpMBBImsvflNazIshi4zn6CVoj2rUU="},"lastRemoteEphemeralKey":"BSpWuAIdydDKCQjODEQMccn8gMUMEqhPIwCPFnHYRt8P","previousCounter":0,"rootKey":"1auXqpUm0bSK4u3vTMq0FDqNvAUmmlpB9udodIc47k8="},"indexInfo":{"baseKey":"BWQ91d0qa2xhefD4fEV0kyZS8lpcTj+agz6tTrLC3Dlp","baseKeyType":1,"closed":-1,"used":1704132688728,"created":1704132688728,"remoteIdentityKey":"BTN5g7dsODG7oeohJ1K7m4eXj9H9r8xIWhx/qRWAfzow"},"_chains":{"BbDuH+o44y+0Uo0h/AAJwEAZHd2ytlGubZWMk3ccWm99":{"chainKey":{"counter":10,"key":"Uac+gDKuJ5eilITDisqoVbg1oCgSn+j+1BfmRGm9TxI="},"chainType":1,"messageKeys":{}}},"pendingPreKey":{"signedKeyId":5,"baseKey":"BWQ91d0qa2xhefD4fEV0kyZS8lpcTj+agz6tTrLC3Dlp","preKeyId":360471}}},"version":"v1"}