{"_sessions":{"BbXH5wDlViVHAEB5Cjqcdu7PJBtc8O1SHTot3hGjCd4u":{"registrationId":1272412923,"currentRatchet":{"ephemeralKeyPair":{"pubKey":"BW8wWx+3sypweGyc/7cm7KW35vy9TQxz3WQo+6vpd1Rf","privKey":"AJ/V4XD0913+Ax15WATLJFV3BLYylKzd+weh8X3TvHA="},"lastRemoteEphemeralKey":"BZBDiOAsvLwwU1kcaZ9q1LEOjGGCP/RoYpbLmqy+T8xP","previousCounter":0,"rootKey":"6zGAAC35KThPataR6SB3YrBUfWOAjlko9fOd2Xv63Ik="},"indexInfo":{"baseKey":"BbXH5wDlViVHAEB5Cjqcdu7PJBtc8O1SHTot3hGjCd4u","baseKeyType":1,"closed":-1,"used":1704132688748,"created":1704132688748,"remoteIdentityKey":"BctV4hJ9oTHyAf7pCCpLBHXxY/1fEJiKifclSmHyuMwS"},"_chains":{"BW8wWx+3sypweGyc/7cm7KW35vy9TQxz3WQo+6vpd1Rf":{"chainKey":{"counter":10,"key":"HsEfQjxcU23M+VlCT401yJAKV0PIocDPuQvkjrMWQlw="},"chainType":1,"messageKeys":{}}},"pendingPreKey":{"signedKeyId":2,"baseKey":"BbXH5wDlViVHAEB5Cjqcdu7PJBtc8O1SHTot3hGjCd4u","preKeyId":7147024}}},"version":"v1"}