{"_sessions":{"BZLZx2wpaoVhe1HYxo9id1lUwuI/AH6m/VF66sDq0KgK":{"registrationId":333757467,"currentRatchet":{"ephemeralKeyPair":{"pubKey":"BU+EFHWc4Ia8xYX0u32wDi854iRhaPp5Mt/WAdZuUM40","privKey":"yHHQnqRYn0H368Sodv6hjXnfjYTFZP9eqWYeuQh9IGo="},"lastRemoteEphemeralKey":"BZc4Hp+ISvX3AaO0/YqlKu1wun469PDD2JyhqcIvxcRH","previousCounter":0,"rootKey":"jStie9WyTMEzTGLMm0gEYNuVuqJMs0YyAuYiter7JwE="},"indexInfo":{"baseKey":"BZLZx2wpaoVhe1HYxo9id1lUwuI/AH6m/VF66sDq0KgK","baseKeyType":1,"closed":-1,"used":1704163438016,"created":1704163438016,"remoteIdentityKey":"BWsqbmWS08RawAKJxmmkFIZGaj5If9rohnod0u9zUNpu"},"_chains":{"BU+EFHWc4Ia8xYX0u32wDi854iRhaPp5Mt/WAdZuUM40":{"chainKey":{"counter":1,"key":"4lDLbEA426Hrg+hqT77PxHCOTCbbpzdWuVCOjy2zsEg="},"chainType":1,"messageKeys":{}}},"pendingPreKey":{"signedKeyId":1,"baseKey":"BZLZx2wpaoVhe1HYxo9id1lUwuI/AH6m/VF66sDq0KgK"}}},"version":"v1"}