{"_sessions":{"BcVimKXh2SuHoTf8cTum7m+R9veAKS/G6gRfbOgbIvAk":{"registrationId":625944239,"currentRatchet":{"ephemeralKeyPair":{"pubKey":"BRyHw38D/jrwkrxNDtZxgfIFKeGFlJgf5naRgdQjPCEc","privKey":"EOhzhUufcOY+iu+g3URzP5vQK94/tvtQRvYmv76blEY="},"lastRemoteEphemeralKey":"BZXJV5NA0dN6T0NYDJdBSqqOEoD9SZNwGxmZ9SN6DDJt","previousCounter":0,"rootKey":"8CufS5OZFPH2TignnU/FQt7wm/KO2qj+6o5RmE0l5E8="},"indexInfo":{"baseKey":"BcVimKXh2SuHoTf8cTum7m+R9veAKS/G6gRfbOgbIvAk","baseKeyType":1,"closed":-1,"used":1704132688963,"created":1704132688963,"remoteIdentityKey":"BWhLS89KTTntFPFZf7XTquRKlPn7+lMNxbatmm+3Og1a"},"_chains":{"BRyHw38D/jrwkrxNDtZxgfIFKeGFlJgf5naRgdQjPCEc":{"chainKey":{"counter":8,"key":"QFJiE+2rDhTjB5WZDjobXc9dliXdM4fnCLYPCzwUZWA="},"chainType":1,"messageKeys":{}}},"pendingPreKey":{"signedKeyId":1,"baseKey":"BcVimKXh2SuHoTf8cTum7m+R9veAKS/G6gRfbOgbIvAk","preKeyId":11745933}}},"version":"v1"}