{"_sessions":{"BZy+9q9YYvuJhPfMKQ9jKg7ooyWXUwyZ2J6/bTw8MO5g":{"registrationId":1194978357,"currentRatchet":{"ephemeralKeyPair":{"pubKey":"BbcqHc7oHe6O55p7GFskBysN9FW2S6rtSK4HNPKJgRow","privKey":"qH16ra3wbpwSc1++RPWHAdvzSUpjcsCifoO76kro5Uw="},"lastRemoteEphemeralKey":"BXcBRVNrzUHuk02gu1qB10PQM4+n45g0vfpCJ9Lmeg9A","previousCounter":0,"rootKey":"Vvuvb1Nt/0a5ukYIh7rhNRxcst1lJVOE26YAwG78jA0="},"indexInfo":{"baseKey":"BZy+9q9YYvuJhPfMKQ9jKg7ooyWXUwyZ2J6/bTw8MO5g","baseKeyType":1,"closed":-1,"used":1704132688925,"created":1704132688925,"remoteIdentityKey":"Bf/1akkPdg/1Ndb6rxrGnphGGIlX0P+XbACJm/3uDAx9"},"_chains":{"BbcqHc7oHe6O55p7GFskBysN9FW2S6rtSK4HNPKJgRow":{"chainKey":{"counter":8,"key":"lRZ8bGJdknjabMEXdFUCZ5mQ7EWHVdrNLzHxK90AEuQ="},"chainType":1,"messageKeys":{}}},"pendingPreKey":{"signedKeyId":0,"baseKey":"BZy+9q9YYvuJhPfMKQ9jKg7ooyWXUwyZ2J6/bTw8MO5g","preKeyId":5442348}}},"version":"v1"}