{"_sessions":{"BSE0ksUlJHz6Sm5f4+kWFEAhrhntTlaJBg3J9uPGfeoF":{"registrationId":10041625,"currentRatchet":{"ephemeralKeyPair":{"pubKey":"BSrIyQAGBVTO2eQrIU4ppF155LZfqeOmDdDD/L/Kh1ZM","privKey":"qHIoYCbJ5gxcagbvCPGMXF0HgOY5vU8dW5URZCBJX3k="},"lastRemoteEphemeralKey":"BVwRWjKLPlpX8R2+pFtz6xkAD9Tec3j3/RqpOQseKvkK","previousCounter":5,"rootKey":"AoXYuPyIyWyyQQuFeUiU+ufrtWUsr6RCdQdaE6WS/+0="},"indexInfo":{"baseKey":"BSE0ksUlJHz6Sm5f4+kWFEAhrhntTlaJBg3J9uPGfeoF","baseKeyType":2,"closed":-1,"used":1704186119681,"created":1704126100044,"remoteIdentityKey":"BdK2wL1aHay5MHMx21FW7AHJsA2/23k0ztdzk6Zy8J1z"},"_chains":{"BRtMd20jeCO5zweVK22dC2mdxRsTf3+u9aCWuTu3185u":{"chainKey":{"counter":0},"chainType":2,"messageKeys":{}},"BYH4q42DBauhVrlXkNojMD92b5dLqxd+3LguBmirr5ot":{"chainKey":{"counter":1},"chainType":2,"messageKeys":{}},"Bb4fcoVRWh4QQ6YwoSHZcHgcFNxU8v8eqRBIh2jkErog":{"chainKey":{"counter":1},"chainType":2,"messageKeys":{}},"BVzTcWRWTUXyUzFaHfrGM1SZ5Pu+0h/t8q+iHWeYGxI7":{"chainKey":{"counter":2},"chainType":2,"messageKeys":{}},"BdrPmt+IDtUe4awacQKoRPCzh396ANt9kcs0aPDGbgx0":{"chainKey":{"counter":1},"chainType":2,"messageKeys":{}},"BV80YqQjMAj7DZuc9r+7O1oVt/iuKmqLIg9RU5MMzch3":{"chainKey":{"counter":1},"chainType":2,"messageKeys":{}},"BZ5KNWCXyZeDfhrmLpIO2XK4psLlaEVj+hHnOEpxrRcQ":{"chainKey":{"counter":1},"chainType":2,"messageKeys":{}},"BV25GIDZ1yjMk5QlEI0msItRlOcSDZfBqZb59o81dU5s":{"chainKey":{"counter":1},"chainType":2,"messageKeys":{}},"Bd+4cd4LpaVqG3l0Zxprt7rReYy+eVNT3h0myjn4SLtS":{"chainKey":{"counter":0},"chainType":2,"messageKeys":{}},"Baqcg4YqBJGHUl+6iLSgV3rm4ZGD7jCNAgBOP85Im44v":{"chainKey":{"counter":0},"chainType":2,"messageKeys":{}},"BYA6Xkl60VDYKQbsKX90hAZr/Y6luMvsSwBsFsc8H8Z8":{"chainKey":{"counter":1},"chainType":2,"messageKeys":{}},"BXiAoNEZrBl9oAu5eevczibt0Idvan34JtgoE6hZJscF":{"chainKey":{"counter":1},"chainType":2,"messageKeys":{}},"BZUxtPsLXvI0SObfS2FL/i9I/x4oiId4aCAv38ZAwTMt":{"chainKey":{"counter":1},"chainType":2,"messageKeys":{}},"Bf6iUrBWW1rNIyg6GagH3S0qnN96SA6KuSiHjQCW1A5Z":{"chainKey":{"counter":1},"chainType":2,"messageKeys":{}},"BYBjaPk9uPjtoUbYnUsX4iGNhKnlDVSohbShs5AN5uF+":{"chainKey":{"counter":1},"chainType":2,"messageKeys":{}},"BZ2HLk872O+gQEw2BQ5YW5Bmru6p6U8K7CxEt2NxUdFb":{"chainKey":{"counter":3},"chainType":2,"messageKeys":{}},"BWPnylI2DlOdmrxUS7qgVHkkhx8exHyIBXFt4B8Fvp4A":{"chainKey":{"counter":1},"chainType":2,"messageKeys":{}},"Be2HCCj6f+HFMN6OkhHtbmqajpi64u1yK9pe3NMS4oph":{"chainKey":{"counter":2},"chainType":2,"messageKeys":{}},"BWOD/4NrOGEoX0Vt7j1Ej7T6JVJc0rH0MO/XwzTWiEki":{"chainKey":{"counter":1},"chainType":2,"messageKeys":{}},"BSHDdTdrMcIl020JyIMWBYCwx3j/VxS3UsPyB7W9RiJ/":{"chainKey":{"counter":0},"chainType":2,"messageKeys":{}},"BUWr8pv0jWGRt+0HLRoFiajROcU7zhx8P3YMXnp4uARH":{"chainKey":{"counter":0},"chainType":2,"messageKeys":{}},"Be6t7wNmaokDm+PNZteIZuFiN+ZAdiM+BsbgUrZdyKlZ":{"chainKey":{"counter":4},"chainType":2,"messageKeys":{}},"BakcoaRiykOV8JYFAZ+l0id7Mlc/kNZlHkGDi57BDDJt":{"chainKey":{"counter":1},"chainType":2,"messageKeys":{}},"BdhiJe74lmcMybFtJjITv88KITymiz8xuXV0/x1Tz/x4":{"chainKey":{"counter":1},"chainType":2,"messageKeys":{}},"BeJ+TfOAZShfM8P9Sp47sqfu2stqAThlrnpHp5SFm/B8":{"chainKey":{"counter":1},"chainType":2,"messageKeys":{}},"BXHXk3WKikRdGVj8y9pXZPIVrD/0eMBxSIMVemlQorgK":{"chainKey":{"counter":2},"chainType":2,"messageKeys":{}},"BRrohrLqfqfPiYVwnf0jFh4w7Ho/mISlm2Kz9Dx1W3V4":{"chainKey":{"counter":2},"chainType":2,"messageKeys":{}},"BaTi9OJlu6uz47U1cN9IXyJNYlJemqhIcH09JOrWLjkg":{"chainKey":{"counter":1},"chainType":2,"messageKeys":{}},"BSwEruw4+05aqc0FoplkZqTCwcra4OCgAhis0jmkG/MF":{"chainKey":{"counter":3},"chainType":2,"messageKeys":{}},"BSTn35sJNHbA5ecZdGWRtXSM6ndhP2uqlH2R8WOc3tc9":{"chainKey":{"counter":1},"chainType":2,"messageKeys":{}},"BSYw4/LbYkCiYDZJ0uhZkfDjuYlCb5LtfVCG8PEZALRn":{"chainKey":{"counter":1},"chainType":2,"messageKeys":{}},"BfMQLNm7XYazEzoyVEeWKqQj+eTgPrNwrVhmSD0Gybt3":{"chainKey":{"counter":1},"chainType":2,"messageKeys":{}},"BUPSnW8vAuwJJ0LGbaR3/Wc8osH2WMx6Neo8TNrKWbQp":{"chainKey":{"counter":2},"chainType":2,"messageKeys":{}},"BcNcrvIeKum+aMmGDIx9+9xyZLiwx29P3gjBehxNUgwJ":{"chainKey":{"counter":1},"chainType":2,"messageKeys":{}},"BSiK6yHzTCjgaqVZKhZfN8n5SEDsLs4rNQwjzog6K6Nd":{"chainKey":{"counter":2},"chainType":2,"messageKeys":{}},"BUP+I32U6nuTAHJVPKInbn0XHr8RXWBeAPIQo3dErHsC":{"chainKey":{"counter":3},"chainType":2,"messageKeys":{}},"BUvm0VFIQGEMt7kN1IMER4ptw8O9MCHVMpC+k6oSP6pP":{"chainKey":{"counter":1},"chainType":2,"messageKeys":{}},"BWQWa9hJQgqiNeDQU4CD1fuo2liUSAd9sUCscFVFU4Jl":{"chainKey":{"counter":3},"chainType":2,"messageKeys":{}},"BfF/0AWFBUwC/I9MXfCFrYyQQ8OglFAvIQAOLuwbtWV9":{"chainKey":{"counter":2},"chainType":2,"messageKeys":{}},"BR3pjutGjR77/lGuxUavFSE5GfsUb4pMTgE2T8DuUGBs":{"chainKey":{"counter":2},"chainType":2,"messageKeys":{}},"BWo6JCoMudBVyK0tX9Q+9ww4hBUILw20VCXpDC4P4vMd":{"chainKey":{"counter":1},"chainType":2,"messageKeys":{}},"BUtRkZ0stI9VqMO5QUkizysdosXq6ESj6GLKJgfg7Up3":{"chainKey":{"counter":3},"chainType":2,"messageKeys":{}},"BdXP2fq4pG46/828N8NT2v5JBBhLNurk2De6+vP31Bts":{"chainKey":{"counter":5},"chainType":2,"messageKeys":{}},"BSWTN5eVmSbOZO+o3H4loUeiSp0qoUMpsInrW+wBIzR1":{"chainKey":{"counter":3},"chainType":2,"messageKeys":{}},"BfYTOQ/dqT1os5mqG2eG92xWXa1Hb4892RiucANNtx4b":{"chainKey":{"counter":1},"chainType":2,"messageKeys":{}},"BT5F60BOnsScF+NPmHorAf/HuDbsLOLKbEjQ421O7rEJ":{"chainKey":{"counter":1},"chainType":2,"messageKeys":{}},"BQZbwrnShWYfiYrw2h/6S72My+Kgc05cd5wHNONrkItJ":{"chainKey":{"counter":0},"chainType":2,"messageKeys":{}},"BTR+Qy4M/9ux7cQXdoRRbsWpiyFI8/zW6oz9QAg9f18y":{"chainKey":{"counter":0},"chainType":2,"messageKeys":{}},"BSw6qUvqNMIJ6FLlQ7lWsztdJlywKVDw/LzpB0DXbaQm":{"chainKey":{"counter":1},"chainType":2,"messageKeys":{}},"BbXJPTbeMihkRTmJBMVxoREVQ+lmxHPfMc9G0ySXr6sS":{"chainKey":{"counter":2},"chainType":2,"messageKeys":{}},"BSnWEqyeuGlhg+YyEdaxmaz88Rpfjisguy20XTqHDJJA":{"chainKey":{"counter":1},"chainType":2,"messageKeys":{}},"BeRnnWAlC8DR0ym9fyIbVUAnjeFGSCyw3xMUUnXf9HY1":{"chainKey":{"counter":1},"chainType":2,"messageKeys":{}},"BWs3PunBk1O/jjur3CcGVOATEGSYKXRoe/o/XCHiDAQK":{"chainKey":{"counter":2},"chainType":2,"messageKeys":{}},"Bcjnv0UHDVhiHILRZ/9goKQs7nH5FkgX7wXcuyGz7eAS":{"chainKey":{"counter":1},"chainType":2,"messageKeys":{}},"BVeS0dD3dtfukoS3Q2hS3wDWdj4CaTtMtA+RmSZD/dwG":{"chainKey":{"counter":2},"chainType":2,"messageKeys":{}},"Ba+8Y6EFkhCj7A8BC9WOL4a8pHwjFhYmjUWFBoDhg7Aq":{"chainKey":{"counter":1},"chainType":2,"messageKeys":{}},"Bf4+thMK805kfw1WcJYnacxbIV0e4zzl6eiL2qlPgrVG":{"chainKey":{"counter":2},"chainType":2,"messageKeys":{}},"BWGFXRF6xMmai/J8HJ9sZttGmS8Zhb7rOJjRRk8pRz8O":{"chainKey":{"counter":4},"chainType":2,"messageKeys":{}},"BV++P15UzB8y1kEZW6kkG+PQ2u7IPer9Ysc0CIJdhx8b":{"chainKey":{"counter":2},"chainType":2,"messageKeys":{}},"BQdS1E4ad9PEOGDvRwEcEFfVoPIIlZJ6/adssm2JNgIB":{"chainKey":{"counter":1},"chainType":2,"messageKeys":{}},"BT+WfSLlEO+0W1olbAEguZC+zOX2onjk4ghwCPcbig52":{"chainKey":{"counter":1},"chainType":2,"messageKeys":{}},"BY3E7SZ7nGGXzEEX6rC/1JujPQDNtN9RLFi5DI49GE0Q":{"chainKey":{"counter":2},"chainType":2,"messageKeys":{}},"BZbbzcXlV8OfPZx0h8wCmHu0pzJ/o6CGNBLj/tmrynwb":{"chainKey":{"counter":2},"chainType":2,"messageKeys":{}},"BUHBm6vcyZUvcGoR4BzuB/doIhTp9zEnU85VgYIg05Fx":{"chainKey":{"counter":1},"chainType":2,"messageKeys":{}},"BaloFUYKNlZT4f4u0MnulOCFC4hs3fe6RYRJwlwzGYN7":{"chainKey":{"counter":2},"chainType":2,"messageKeys":{}},"BUfUGTiw61AB/6Hz5mHjWZDpaKKlMhHcMcilz14jvXRY":{"chainKey":{"counter":1},"chainType":2,"messageKeys":{}},"Ba2Ze8HHkxuH1hwaRjy5AjK3eC9w8a+QCjG5HxNE3mUm":{"chainKey":{"counter":3},"chainType":2,"messageKeys":{}},"BXnPa7WFSTqYpzFpyWt9Pbyw8+8F+bJsrYmPxo3MiME6":{"chainKey":{"counter":2},"chainType":2,"messageKeys":{}},"BXmYdWeXoBlLSqDZkZtO8vYys7v6DR/6dYZ9XQ2gI+8q":{"chainKey":{"counter":1},"chainType":2,"messageKeys":{}},"BZfTcTLyN8XESdZdppxZeDrsYx0mfZPeN9ffyuFnUtd1":{"chainKey":{"counter":1},"chainType":2,"messageKeys":{}},"BSrdtYa6RZA3hfAmRjV4aPr+qGKUAqzqXSe9wqQTohtC":{"chainKey":{"counter":1},"chainType":2,"messageKeys":{}},"BaTdXneFTO27LsPhB0pdyw1DKBlDXijOstL1jApdrAZr":{"chainKey":{"counter":1},"chainType":2,"messageKeys":{}},"BaTQSxSCWeIDNlpqFuOaFZ7Zs8cIe0oDvKtFtVU2Vjgc":{"chainKey":{"counter":1},"chainType":2,"messageKeys":{}},"BVOJTNVD5ntPUy+z9nhQ6ARQVansLtVK7c2x8uPUJt1j":{"chainKey":{"counter":1},"chainType":2,"messageKeys":{}},"BRcW9XiIUUns8WfhZvq8ABaMkkzDKa9jF29CEPzYUWI8":{"chainKey":{"counter":1},"chainType":2,"messageKeys":{}},"BREeVRCU1vL3118/XAxfR/hdi/FmDn5YKlPgA7SnVpZI":{"chainKey":{"counter":4},"chainType":2,"messageKeys":{}},"Bd45TrpD+TKloBoSah2qtldNJ9VTqA98DbBXU5/U0Rov":{"chainKey":{"counter":1},"chainType":2,"messageKeys":{}},"BZ/mnr9MFZ0gkM1B+D+SVVUFbJKuXsR0s7w9jcKmDmJ+":{"chainKey":{"counter":1},"chainType":2,"messageKeys":{}},"BbcyBnTDtZqDHHq8nGGIsDdwPP3mSf4nxyuKiE1FjBMy":{"chainKey":{"counter":1},"chainType":2,"messageKeys":{}},"BZatIJEvjonZ+0uxuqDtG7yTTTEs7rAgVe7Zz2DU0VpI":{"chainKey":{"counter":1},"chainType":2,"messageKeys":{}},"BXp9YXeqjeqIF8T5iLJzbqY4/0Nb0nBLz3IjpbLLMsIN":{"chainKey":{"counter":3},"chainType":2,"messageKeys":{}},"BaGWK+0Z6BxfwX85d260CqvUc54PVVJkyzfcB1HalR8q":{"chainKey":{"counter":0},"chainType":2,"messageKeys":{}},"BVNmGdR+MRTHNkJAxLJ0udvfdGSqxIGSEBQ/xKTPS/RF":{"chainKey":{"counter":1},"chainType":2,"messageKeys":{}},"BZFD+taVSaEHfg4VEdYrII7f8LelFnUlcubnn7Gd6xgC":{"chainKey":{"counter":0},"chainType":2,"messageKeys":{}},"BY0veT5a6AqMYggJzaN/ljU1+y1rFkVura90Zgk8haB6":{"chainKey":{"counter":1},"chainType":2,"messageKeys":{}},"BVWbjX+ObXYUzHD0yN1P0RWXwzW72VLIPMRveASO6EI+":{"chainKey":{"counter":0},"chainType":2,"messageKeys":{}},"Bdp9mbyyYjce2McV/lEQHezuHlAlLnCB07IjMJQqGqFS":{"chainKey":{"counter":0},"chainType":2,"messageKeys":{}},"BQBEAYqb6KxkRY4KWkYwCxX0YAuKCx7oLc81BC6vPb4j":{"chainKey":{"counter":0},"chainType":2,"messageKeys":{}},"BcnqEdyCgdfk6by8BLgbzA83yJIEAN1/1ax6jbKhJbMi":{"chainKey":{"counter":0},"chainType":2,"messageKeys":{}},"BZbCn9S0SpNxyhzK6FYs26sS2ciM7He0R39L6/cLO/4X":{"chainKey":{"counter":1},"chainType":2,"messageKeys":{}},"BTb6iaKIcffE5BoZB5CEDLRaymCfllzvz1xKsszfZuBl":{"chainKey":{"counter":0},"chainType":2,"messageKeys":{}},"BTr9oowSnRKnjqWvX+A903DXIzV2jUMeCDEhYpIEqBce":{"chainKey":{"counter":0},"chainType":2,"messageKeys":{}},"Bbs/X+KRcO34RJMeHYRB/++jcMnHrFkhtQhHetT25w1r":{"chainKey":{"counter":0},"chainType":2,"messageKeys":{}},"BQwDYbgNkWxC5X2y+VJHsHrVLvzul2rfbkF+CLm0UdFr":{"chainKey":{"counter":1},"chainType":2,"messageKeys":{}},"BV/GwGagc60eW/WdXSyVH+obYQSuxE4HS56o++164VZf":{"chainKey":{"counter":0},"chainType":2,"messageKeys":{}},"BWAup5GiAFci98lVD2Cu//FT5y0cjO0Z2A2y+CWpjRlX":{"chainKey":{"counter":0},"chainType":2,"messageKeys":{}},"BfcZceS2mPZphmr+dBczHY0Xv65WSM4vmxpACm56CT9N":{"chainKey":{"counter":0},"chainType":2,"messageKeys":{}},"BUnDHJLbhJPzXtt+i8ls2bpk9u/UwDYOC3WfukT1mGc2":{"chainKey":{"counter":1},"chainType":2,"messageKeys":{}},"BTY7OPKt64bzvoV+o1evsKVojtwCluFiyQ0Mz92q9aZf":{"chainKey":{"counter":0},"chainType":2,"messageKeys":{}},"BSShQypaFFO4/fDqwLo3b1mLZbLgfpH60CCw33sAzBY0":{"chainKey":{"counter":0},"chainType":2,"messageKeys":{}},"BfFK6OTexiJeZc66NT2FLu5lXq26U62yGAbsd7rxdjk2":{"chainKey":{"counter":0},"chainType":2,"messageKeys":{}},"BYfSOaa1B8pDSWUUMMhDdKxoUF8sXUjFyucXRC+GCd4r":{"chainKey":{"counter":0},"chainType":2,"messageKeys":{}},"BWUlxUjJ1dzKeYXE07dzHVJffxYxs3cvH/sozXyAJR44":{"chainKey":{"counter":0},"chainType":2,"messageKeys":{}},"BTVQ+jcIHTs0Z6KMVFp2QKBbkGVTMxl64t0qKY5m64sK":{"chainKey":{"counter":0},"chainType":2,"messageKeys":{}},"Bc/ETaShldFruVQ4PCO63AYF2EJav7s5KKJ3an6ZqyZj":{"chainKey":{"counter":0},"chainType":2,"messageKeys":{}},"BQgzFLvs7ezd2Txhd4e0WJyqQz6XdcfE4Vl2VUK8/Iw1":{"chainKey":{"counter":0},"chainType":2,"messageKeys":{}},"BRNwRxYYEOMI7UgqEwpBox8Ah+uDPkUhCjUO4BpeKahK":{"chainKey":{"counter":0},"chainType":2,"messageKeys":{}},"BbEER9xDQuFImPdKPImf2OeqSi9AFNUxiLmoUjZcoSEP":{"chainKey":{"counter":1},"chainType":2,"messageKeys":{}},"BW1aI49p28ihFTXDVb2vrq2UXAz5zxoWdq6tygotxPt9":{"chainKey":{"counter":1},"chainType":2,"messageKeys":{}},"BUvdZ8vfqM+1UTOsmYLMvD0IAIC4h7JdaatAi+DtpEIv":{"chainKey":{"counter":1},"chainType":2,"messageKeys":{}},"BbqgxxkzHkXot06kOIK2Kx8s5A93uTdSBO3Z/ZI58Ppw":{"chainKey":{"counter":0},"chainType":2,"messageKeys":{}},"BWL2CMhYj0FuIBqONx/ErBpEroPSwFGvHaV/umqmrJsb":{"chainKey":{"counter":0},"chainType":2,"messageKeys":{}},"Bdm7YrmDMM8FeDAKKFOQKn7ByRKXvIuP5wl6Tk7D8Z57":{"chainKey":{"counter":0},"chainType":2,"messageKeys":{}},"BT3qv6ZZkqUWCQ3h45GqvNh/lTsDcvaLUApfguyeyVZh":{"chainKey":{"counter":0},"chainType":2,"messageKeys":{}},"Bf6/hNyZX7nrTuGspPsb8taQ3eaR8P20JR5p0Jxo3fku":{"chainKey":{"counter":0},"chainType":2,"messageKeys":{}},"BazzOo63X5xIJ0R/aHiicRp+4xUiWC4n5BiVpw0KN78C":{"chainKey":{"counter":0},"chainType":2,"messageKeys":{}},"BcN1tSDgEg8GeGuZgdNlbs/2UiigSDVDGnG5CFPwsVA/":{"chainKey":{"counter":0},"chainType":2,"messageKeys":{}},"BRNSYcb4PLVELxcQSdsrRaEsU7GDkjBBhQ0PwrnE9kMF":{"chainKey":{"counter":1},"chainType":2,"messageKeys":{}},"BTIGDfLpsGjNoWBNRxIbhtRHPot7P175FHQd0dXECyoI":{"chainKey":{"counter":0},"chainType":2,"messageKeys":{}},"BZiOZhxG3mkKPKMIygtjZwSK1+VqQHvX81E2yK9Hy78q":{"chainKey":{"counter":0},"chainType":2,"messageKeys":{}},"BYKpA2xkNgMucqrqbV+1k7L2ynXHHGzuvuEBV2CSFgEC":{"chainKey":{"counter":1},"chainType":2,"messageKeys":{}},"BRLQaVnxm2ac745XZBPzZ4fPi2Y551kX7P6SHbczxjhS":{"chainKey":{"counter":0},"chainType":2,"messageKeys":{}},"BXF5ExdsHfIs6lxOAk+s0gghajcP+uY0NCi2LN1hLPYp":{"chainKey":{"counter":2},"chainType":2,"messageKeys":{}},"Bd7qi5pfZ+je04K0hLze4KelIXpcEFkb6gh2DO2QPN0H":{"chainKey":{"counter":0},"chainType":2,"messageKeys":{}},"BZOf2yUu+FvAnjcF2g8sqI9R7Gd+FKBZQG9SmVlWP+EP":{"chainKey":{"counter":0},"chainType":2,"messageKeys":{}},"BWdBfmgxEzmNfJNLS2Rka+lGlKBWanUwK4KAi55PPbNV":{"chainKey":{"counter":0},"chainType":2,"messageKeys":{}},"Be4Me/D60eFdyUSy2Cnjv3kb7ZUsaznielGK0F5AYOsk":{"chainKey":{"counter":1},"chainType":2,"messageKeys":{}},"Bdwl3dhJ0/nn8ihdGJGd16396oWWhaCl5wQoN9p27sdg":{"chainKey":{"counter":0},"chainType":2,"messageKeys":{}},"BZGUvaYVlCl2cDfwhTgTRz3Ap8n4wE/01iJuCTONNo02":{"chainKey":{"counter":0},"chainType":2,"messageKeys":{}},"BSUXWZfxnuBE7v06FLBXsmJqscRJyE4U/cffrC5Brk4O":{"chainKey":{"counter":2},"chainType":2,"messageKeys":{"0":"wgGhWKdLChnB3MVBaDfu2uVjTFSuxTF7qOktkyjAls0="}},"BX/KCwM/GJwW3mKb9RzBNgHT7kVBF4ruBsT0ERzjMgN5":{"chainKey":{"counter":0},"chainType":2,"messageKeys":{}},"BZMjMn4awJd5Ge5pA4SzEtnzrGOYF+0Qk5Vo2CpoNIk1":{"chainKey":{"counter":0},"chainType":2,"messageKeys":{}},"BWkuL0UfT/S8w9/vVCzkocsS/aLAe4QeLfJ4Zt1mGYQ/":{"chainKey":{"counter":0},"chainType":2,"messageKeys":{}},"BZbXBBy/TnSTbKEnm7jNRh4iK5i1VtRLgTm8oI+r+HAs":{"chainKey":{"counter":0},"chainType":2,"messageKeys":{}},"BTuo5RBE+FG3hU7oRUNY1kzzpvxKijNkDO8AKBkeJpxE":{"chainKey":{"counter":0},"chainType":2,"messageKeys":{}},"BUUzffq84zXu6vtKdi4GuzorHFbogi8ROkQYeipU6o0M":{"chainKey":{"counter":0},"chainType":2,"messageKeys":{}},"BZ3XFXgcHH9veWCUSV+2Z6f8i8Me3lFDerfD6HfX09dg":{"chainKey":{"counter":0},"chainType":2,"messageKeys":{}},"BUD2kVw62FpSa+Pm8sB/kS4uSTHEZPWb07qsDAYnda8S":{"chainKey":{"counter":2},"chainType":2,"messageKeys":{}},"BYM+CEAVmIXDYzwU0xF3u7kdhZgXWdZfq1Nic9EFOoZw":{"chainKey":{"counter":0},"chainType":2,"messageKeys":{}},"BepDyY67z128XIXWNfoNOcF1C25Cj/fEUY/KSgZ8UoY4":{"chainKey":{"counter":1},"chainType":2,"messageKeys":{}},"Bf6IOSgbhHtvn9T5WoxvYVNorq7faqPNn5T3aSchYXVo":{"chainKey":{"counter":2},"chainType":2,"messageKeys":{}},"BX3I2zTShJMyt4xGBbJmdEMAEPrRAA3fUPE9l44T5U9Q":{"chainKey":{"counter":1},"chainType":2,"messageKeys":{}},"BSPSgFGQy9Zt7lc2H7DIfWhdzFaMpXtO2aGxstF3+RY/":{"chainKey":{"counter":1},"chainType":2,"messageKeys":{}},"Be+GsVBkqk2oRsHG4pGvMuZrSwTodZ5gF0d+10llevNX":{"chainKey":{"counter":0},"chainType":2,"messageKeys":{}},"BXy3Op/+N8C9YsHe5Ohjo9QRfhMSeSfSyWM/KshHaDFr":{"chainKey":{"counter":0},"chainType":2,"messageKeys":{}},"BVcbTXg30QHX1jqA5nvbbrsNFYgMH5427yG+tnfCmI5u":{"chainKey":{"counter":2},"chainType":2,"messageKeys":{}},"BWcnKE0slx9NTvjUQYUVLTVuKXfXTzVV1Z31MIryUoEr":{"chainKey":{"counter":0},"chainType":2,"messageKeys":{}},"BXvNpUJSPXDGEZ7bdkFsSRy/+ICuP+RVhyaeq9X7CO8D":{"chainKey":{"counter":1},"chainType":2,"messageKeys":{}},"BU5qJVz3qV6lUdx2XkBnvwaAvMjyhu9TckqQ5pusk1Jw":{"chainKey":{"counter":1},"chainType":2,"messageKeys":{}},"BSMByp4V5HDtVenYhYekbomggePrbbgt11DkJ4IGvKVM":{"chainKey":{"counter":0},"chainType":2,"messageKeys":{}},"BVT5hI7fssfmJJ7t2Lqx1ZztjHw/X7JvoDLg6QqpNltu":{"chainKey":{"counter":0},"chainType":2,"messageKeys":{}},"Bf2DXJ7wB/p7dKsEWmtD0bnv03+OME0WJSympk6U2p1M":{"chainKey":{"counter":0},"chainType":2,"messageKeys":{}},"Bf/50UoeggqYit8JJXgaT2CzxJC38X2zKmoD4jQ710Qy":{"chainKey":{"counter":0},"chainType":2,"messageKeys":{}},"BfYUUPRTDnQyJXoeTUTIFYKpW5QLi5Gm2osLZ8/0Y8Y1":{"chainKey":{"counter":0},"chainType":2,"messageKeys":{}},"BU/PcDFcarJD8FabxmU+CyUu2jxOReFRujlfRasGBMsy":{"chainKey":{"counter":0},"chainType":2,"messageKeys":{}},"BaCSpDVkPZGoP/OVzVhXH0a22nisVJGO5lvL+BePL4k8":{"chainKey":{"counter":2},"chainType":2,"messageKeys":{}},"BQA3Pzp2fOfGd7J7BLsGno7jVF79nNQbYDOdFb0Kgd5S":{"chainKey":{"counter":0},"chainType":2,"messageKeys":{}},"BRZ2XSZ+Fit5jLC8i1Lj569NH7fBnzVVQZfM6wHPQWdO":{"chainKey":{"counter":1},"chainType":2,"messageKeys":{}},"BdxGeTLhTfcbCoTEP49D406EssK7+qgCzbltOonVY6go":{"chainKey":{"counter":1},"chainType":2,"messageKeys":{}},"BX9cyqSjrNGPrLX1LgXhJYRY8mPkKUWgM6HQJLLxIdAy":{"chainKey":{"counter":0},"chainType":2,"messageKeys":{}},"BT2iNZkZ/go8+OZrYWrlzJ8MB2LK1eAHfGJ4w4HwHoYA":{"chainKey":{"counter":0},"chainType":2,"messageKeys":{}},"BWX/37mjCNSGwIXxqxXkbrRaE19UjR9jVtj8Ci1W8ZEY":{"chainKey":{"counter":0},"chainType":2,"messageKeys":{}},"BdFreL++8yBo4Nr8YvojR+eB/eF3hzLpPzfjK7F6hQwy":{"chainKey":{"counter":0},"chainType":2,"messageKeys":{}},"BRi2piHJnX1w2s6/kqpmMZw29c0VSVV0JzoF1oirFxd7":{"chainKey":{"counter":0},"chainType":2,"messageKeys":{}},"BWJv7K3Kgh6nYLYQ469mPZ6pUGe/X23oxCVAmRRc0tIr":{"chainKey":{"counter":0},"chainType":2,"messageKeys":{}},"BfIO6apF5C5dpnV2yiTUTBdaOHadPfthHQIdUTLaJfA+":{"chainKey":{"counter":0},"chainType":2,"messageKeys":{}},"BazofAabt8RnHBeqpvQEH19FnQzUZgnTHnQl6HpMR/Nw":{"chainKey":{"counter":2},"chainType":2,"messageKeys":{}},"BfTrKH+IqiTpipG4dK2R6auYERdtA+iRizhI0jHC4+pX":{"chainKey":{"counter":0},"chainType":2,"messageKeys":{}},"BYvixE5YnlRBubsc6n06b+WC8rKDYtL2BoMF46lFuiAh":{"chainKey":{"counter":0},"chainType":2,"messageKeys":{}},"BQZnF4j9l92VI/DERXCI15/NKBPH6/HDaUUJ15sfR80r":{"chainKey":{"counter":0},"chainType":2,"messageKeys":{}},"BXAYn7DQt/Sj+L/0WIsWl9o9N6XchdNgkGtjinC6K+00":{"chainKey":{"counter":0},"chainType":2,"messageKeys":{}},"BW7JlZuXp1prgHo16wZf4HjnwDISFRX0qM8ZW6f8+ntT":{"chainKey":{"counter":0},"chainType":2,"messageKeys":{}},"BYenI9CFVeC+yOCz8fQGQvCz4xNHKBI/oej8uHyOOgMk":{"chainKey":{"counter":0},"chainType":2,"messageKeys":{}},"BWmABA5sKlkb60QfPKetNNG7e7WMsr925Nt/bkBflNc1":{"chainKey":{"counter":0},"chainType":2,"messageKeys":{}},"BQyagfLnxxSv0g78XwS9+xJBaZytJZApUX2xDKcmkuAV":{"chainKey":{"counter":0},"chainType":2,"messageKeys":{}},"BR0Xtme960kmgTxc0ZNAqDK+HWFIuUsBRa/tQEyaxGgT":{"chainKey":{"counter":0},"chainType":2,"messageKeys":{}},"BdGdf5zaTQPwXmeeEiR2JlgPRoc9bxrDk7ncj5dt1bdH":{"chainKey":{"counter":0},"chainType":2,"messageKeys":{}},"BRP2agVDJlmFlYVUntJEWlEx+e3M7uUGFSfFVbmwWH8G":{"chainKey":{"counter":0},"chainType":2,"messageKeys":{}},"BWI6PbS2Dm4v35h5q2e1qvMKzGrQ6wN/7K7rmd8yg51N":{"chainKey":{"counter":0},"chainType":2,"messageKeys":{}},"BScI2WHFdGir29iUW1gURvGzfZ+J+JRFs5xncYlOyFt6":{"chainKey":{"counter":0},"chainType":2,"messageKeys":{}},"BdDYsv7ubVmPQ9QAZS9tPgKMa5fDZ7edtfLFeB4Je1cu":{"chainKey":{"counter":0},"chainType":2,"messageKeys":{}},"BVxWqxetxUTF6hKK5a2cGP8SSa8jtVC6nFE9hVXJzng+":{"chainKey":{"counter":0},"chainType":2,"messageKeys":{}},"BcnPGNz7kNgj4DBqkUO4irLZ6xvlRCe1iOzMMRJDFzIY":{"chainKey":{"counter":0},"chainType":2,"messageKeys":{}},"BT7FYnkKoTYNQBs+cHFt2j0OsCAMDyzGkZ+8FDhIdiI6":{"chainKey":{"counter":0},"chainType":2,"messageKeys":{}},"BbjYD5YxKh6V90oZdkJXF2hqQfkphtmSPo4ljeFSTrsS":{"chainKey":{"counter":0},"chainType":2,"messageKeys":{}},"BavXLuGF8QNsJaPH7yxvu0HieMKm/aYT3uYtZHr0WoYN":{"chainKey":{"counter":0},"chainType":2,"messageKeys":{}},"BTalENMnlwKC9C5k8JpZ8aAboks+RYp9GAsXtO5lHJtR":{"chainKey":{"counter":0},"chainType":2,"messageKeys":{}},"BQUSehR7lrDGGIpJr5nZMP57I2VETcAlIh6XudeCdkx6":{"chainKey":{"counter":0},"chainType":2,"messageKeys":{}},"BcTDzllqOHA4QyaWzOahZSKh6ZUw0Do+s4VT8zHIESoL":{"chainKey":{"counter":2},"chainType":2,"messageKeys":{"0":"SEbextt5eT1kgsfd5JnOmVcEKR1sOW69Zo4945F40F0="}},"BUIxDDEPvZKEzKlxksgxXRMo/CEUnH/J8TaVBnDVDPd+":{"chainKey":{"counter":0},"chainType":2,"messageKeys":{}},"BZD8w+PJr6D14EJ3aPm+06T3/74xCX7AYCozNdn7BKlv":{"chainKey":{"counter":0},"chainType":2,"messageKeys":{}},"BdY5NQBy47mB14WKl+r58rgugFE32M4GHSYjaKFa2A0L":{"chainKey":{"counter":0},"chainType":2,"messageKeys":{}},"BcMQe5ETw0VY+pSh1p31E2+opkrxWY5DFISClijL69km":{"chainKey":{"counter":1},"chainType":2,"messageKeys":{}},"Bfh39U/Pb60DGiOo7Sadn4u3IC3P6wjExtT8cAdpqUBt":{"chainKey":{"counter":1},"chainType":2,"messageKeys":{}},"BSS1ALaVo2UCXennZifCHbv4Iqv8CUSYJtsdoa0aphoo":{"chainKey":{"counter":0},"chainType":2,"messageKeys":{}},"BeoEL5tlpN55Y2N5ODrr6EC8wvdBsavzjfZtgCZjQiIW":{"chainKey":{"counter":1},"chainType":2,"messageKeys":{}},"BYxe6AMHJ1lYFOqx8xaCqXlxxEkF05ywbgFhVr4gJbVM":{"chainKey":{"counter":1},"chainType":2,"messageKeys":{"0":"e7fjUmcWQnyhwg6Cc63rDKIAtEY09etqtkF/xwiwoRo="}},"BVUriJTv6mqrUbwqT/ipamruMon9PZRAVIro46hY3Zk+":{"chainKey":{"counter":0},"chainType":2,"messageKeys":{}},"Bf5iFus4lhG/WKZtCH4IC3dYsP+IhQoNjvzce6ojJME/":{"chainKey":{"counter":1},"chainType":2,"messageKeys":{}},"BcIPjvVb7+wLIoyRAHdednQxTrQZZdW0s544xbyUmZ0L":{"chainKey":{"counter":2},"chainType":2,"messageKeys":{}},"Bc2F9OioQpMd6onQXslHVTFsscIE5ULecgBnJc+gtLJX":{"chainKey":{"counter":0},"chainType":2,"messageKeys":{}},"BWCdKuEWTFOAMaiRGaRXnb06/muQiEd03OqJWJjA3tcy":{"chainKey":{"counter":0},"chainType":2,"messageKeys":{}},"BYfJ8vpaLiBki3Q12RiIpgx7sIyA+VIzVfs2vzP0DRMX":{"chainKey":{"counter":1},"chainType":2,"messageKeys":{}},"BXvhXribIyjSD1ZDjy4PzMssO/OKEfquOic3D+dMeup4":{"chainKey":{"counter":1},"chainType":2,"messageKeys":{}},"BeTUACZ0xyQUz8aO2sf/rJeX/MwTAQ4xxCPqMkxPdJ5C":{"chainKey":{"counter":1},"chainType":2,"messageKeys":{}},"BefUX5WehvxIT8/AscjE2hSmCE+Shw35AkDK6d00Lqc1":{"chainKey":{"counter":5},"chainType":2,"messageKeys":{"3":"0et6t0m9Lhh8hp8TSLlIJ8cdsf1YQQvX/Xbyty6WeoA="}},"Bf4PdbsvxUFaT11vwGzSALNQquFP58asHEyQyAsIMHpT":{"chainKey":{"counter":0},"chainType":2,"messageKeys":{}},"Bbi4oyYoloZjQQZuuhnjQpn5sFHpGGOoE6tulv494V89":{"chainKey":{"counter":0},"chainType":2,"messageKeys":{}},"BTNYhR2mbPbrRe0af/2CVOJo/C6DiDU7ohJFctw/F2BA":{"chainKey":{"counter":1},"chainType":2,"messageKeys":{}},"BWjNalhMZQX1Io15MBvs8QQ6Gv1P2JPA3tGbt4v6W2cz":{"chainKey":{"counter":0},"chainType":2,"messageKeys":{}},"BfKGqgIMprG1jtiQR/bsOAECnXJbtWH3Ex+n2Rf7Hn1w":{"chainKey":{"counter":0},"chainType":2,"messageKeys":{}},"BfAalZAX3ZsAng3kfUFXrOM8EWQyBCAtrG3AkpHvTCVb":{"chainKey":{"counter":0},"chainType":2,"messageKeys":{}},"BWI7XBoR7pIXQQv1x4eR70XtgSnaH9U9HDJbArhbSvMi":{"chainKey":{"counter":0},"chainType":2,"messageKeys":{}},"BVZ1cD3Spd3Mgr1VWApxeSyxJnQzp9gK2knVK+CpQ9po":{"chainKey":{"counter":1},"chainType":2,"messageKeys":{}},"BZ1MKh1at5miOf6uCzGsRgVVZ0SDaIRA36MU/pq7/ecn":{"chainKey":{"counter":1},"chainType":2,"messageKeys":{}},"BSsa1K1KXBZ88TIEsM0KRgOeitSMfRWpRBJOp2S1/td7":{"chainKey":{"counter":0},"chainType":2,"messageKeys":{}},"BcHJs8hn5CIXMbDKSURZIjyo1jBVgAcCozD5OPMGUq8J":{"chainKey":{"counter":0},"chainType":2,"messageKeys":{}},"BSfPb+Vr+cX7/1GK/LIVDgWMZqZ8xd+xcHhBGOOwmeR8":{"chainKey":{"counter":0},"chainType":2,"messageKeys":{}},"BXjZs5iHsIUzKpQKgK7oBZrtry3Y8O9l09cLDjkQdPdS":{"chainKey":{"counter":0},"chainType":2,"messageKeys":{}},"BeEqCubSCo4Yr7TF7Q6yNozN9LnH7mLJ1GJmSQQsOvhf":{"chainKey":{"counter":2},"chainType":2,"messageKeys":{}},"BY/wxAfDIL1mzctfEdB3Vt9HGKftkrAeJK822BtEhcsX":{"chainKey":{"counter":1},"chainType":2,"messageKeys":{}},"BbQp3qituyM2C/BtrqXM5cTAxQQfHcn2UbtNm2KAiWkE":{"chainKey":{"counter":2},"chainType":2,"messageKeys":{}},"BcHb5f/UC43TPByqb18SuMVuTQmAXMK4nzo2abqWI3Mp":{"chainKey":{"counter":0},"chainType":2,"messageKeys":{}},"BVoczIPxiSZ/pWuTVgnaVd6ynx5+iK2OLjqjwy5vrrEg":{"chainKey":{"counter":0},"chainType":2,"messageKeys":{}},"BbXA7e09/sTrdEReoVDyHNYzplDTDk+2WGcz6wD3HDAg":{"chainKey":{"counter":0},"chainType":2,"messageKeys":{}},"BQaCaW73hr++n5BvE5H1prv9YOn2cM51PTGYsNtRnNV5":{"chainKey":{"counter":0},"chainType":2,"messageKeys":{}},"BRANpTlKXiecMu0n7Pje/K9a2C8PLu+1J0gLLxCUWacw":{"chainKey":{"counter":0},"chainType":2,"messageKeys":{}},"BRWxsdcsQfXzMQrbPFjuuIo52RsCPYldoxa/Rj+eMKdu":{"chainKey":{"counter":0},"chainType":2,"messageKeys":{}},"BdYD12Zr5MWDzSP06YiViFKJUJ9MdqrCp7qpQKhD97VA":{"chainKey":{"counter":0},"chainType":2,"messageKeys":{}},"BeRN65uPPDxo7pe/A1E3coXnQvhy4/d2n06lX17148M9":{"chainKey":{"counter":0},"chainType":2,"messageKeys":{}},"BZYjaN/Ak1DTAMRoOkESYbm7JgR5lHMcJroK35GL4+5U":{"chainKey":{"counter":0},"chainType":2,"messageKeys":{}},"BWEY7yIn2DbVIRQAwre4LIr5tJI8CTcunXmkxxXyOxo/":{"chainKey":{"counter":0},"chainType":2,"messageKeys":{}},"BQAZ0ZY7xm2jF7V1wZcrSkFIYK0l52TfPYMQn7CbtmYv":{"chainKey":{"counter":1},"chainType":2,"messageKeys":{}},"BQPwH+7oVxtyWSQF2brgnGySXXJwofIlb1g+72HKmdR+":{"chainKey":{"counter":3},"chainType":2,"messageKeys":{}},"BevP8BM+RRAL1t3D276iO1U4bKRX+gKCXkgxtYHVqbMj":{"chainKey":{"counter":0},"chainType":2,"messageKeys":{}},"Bfm2foviqNxqm58q+Uo5Vy8TXLgASi321HlA2CBOaG19":{"chainKey":{"counter":0},"chainType":2,"messageKeys":{}},"BQVIzL5SllX1SlB2ghDRAKbweQ75lg24RujuZY6Zm/8o":{"chainKey":{"counter":0},"chainType":2,"messageKeys":{}},"Bdr0Ofgx40xs1SvtVX3HpNfQ+Fjq6XwRMQplVdiuDddd":{"chainKey":{"counter":0},"chainType":2,"messageKeys":{}},"BVa95X130tji9jIngycK2GpgJOkKUNSEQGFXEnVErUw7":{"chainKey":{"counter":0},"chainType":2,"messageKeys":{}},"BRCiwycvltXrGryMToGlz759pSAoaxs7ADH7Q63UkEtp":{"chainKey":{"counter":0},"chainType":2,"messageKeys":{}},"BYHUOx/8wu8VRE+ILLLJuBRBtfz07PmTSzT+0v/e4ZYJ":{"chainKey":{"counter":0},"chainType":2,"messageKeys":{}},"BSwKLFM5JDQ1BSqHmAPa+4jT5ylY6cQ5I0ofcOQbPz0/":{"chainKey":{"counter":0},"chainType":2,"messageKeys":{}},"BVonuNtpdt7IcvnRvvF4qUAwVIPQC4TaiiaIWJrujHt7":{"chainKey":{"counter":1},"chainType":2,"messageKeys":{}},"BSoBQnQhgtbWqRZsCOogmR6GO3GHmF8Jb1uRoyjmkyBF":{"chainKey":{"counter":0},"chainType":2,"messageKeys":{}},"Bb3uX6843t7ersOY4yid/4H3qK0pU0jt0uon+7IO7uJy":{"chainKey":{"counter":0},"chainType":2,"messageKeys":{}},"BTGOUUBYt3Qe7WEpYWIoa78a5a8rIXBsDVm34yFRbws3":{"chainKey":{"counter":1},"chainType":2,"messageKeys":{}},"BbtwVTDj9u/zy7TIeFSjwFOPn3dk8vTUGjklAm8n8sFB":{"chainKey":{"counter":0},"chainType":2,"messageKeys":{}},"BSgZ6bPiojYcY8iO6c0FTbLji1VenbtYgx9mUsSQ9GAB":{"chainKey":{"counter":0},"chainType":2,"messageKeys":{}},"BX75jzBoiPA+99neY1IxSb3qvVooz6xOam7tFH9Oe2ZR":{"chainKey":{"counter":3},"chainType":2,"messageKeys":{}},"BUMjK6hghz+DC1jcVqdC3aUvhl/cMuLhg/NxIdbmWCVS":{"chainKey":{"counter":1},"chainType":2,"messageKeys":{}},"BbC5jWdUUQhCdGVBwLKuhZHOw7kngq/VKjhFfQQlqxpN":{"chainKey":{"counter":0},"chainType":2,"messageKeys":{}},"BRKzozVMQtGsDnDbNiuDkBdf2CFM5rAnOpVe00ck0scT":{"chainKey":{"counter":0},"chainType":2,"messageKeys":{}},"BQstj41t18utDGPCxRz3rXHeXTqFgazGdnndMscIwMA1":{"chainKey":{"counter":1},"chainType":2,"messageKeys":{}},"Bc9nieiRgkqWlvd263AT6Keupu+euvOcURnhhlveLzVD":{"chainKey":{"counter":0},"chainType":2,"messageKeys":{}},"BWsPf9MCf+a8+dev7+qyzg8qMPj5woutd8pgf11GiRBu":{"chainKey":{"counter":1},"chainType":2,"messageKeys":{}},"BXFJS7/K12mEH+h5D/i2O8XTYkGRoQk9zk8aUDykRU5f":{"chainKey":{"counter":0},"chainType":2,"messageKeys":{}},"BVpjkCuBThVnkZqbNkWvIZEarBnnQhjcfbTPg5PYUBQ9":{"chainKey":{"counter":3},"chainType":2,"messageKeys":{}},"BfzLsby6WgFkkHcG2i0GQTOi9gZe60BTlRTRw1dWGK9H":{"chainKey":{"counter":1},"chainType":2,"messageKeys":{}},"BeJXfD59M8DVacRrliNhHXgK+58ZRv9i0iNIPcThraB9":{"chainKey":{"counter":1},"chainType":2,"messageKeys":{}},"Bcw8yz8Ren6ZAAU29Dn2RyCNnc9izmyR2CNq2hbl/SRU":{"chainKey":{"counter":1},"chainType":2,"messageKeys":{}},"BRsV1glouliUdhMyxOGxgOhvzZmTMbTYNgMgYyQIitFt":{"chainKey":{"counter":0},"chainType":2,"messageKeys":{}},"BSEaAo7FSCU8TkRw5FyBTMgOMoFpd0uPbPbIxTXu3W4l":{"chainKey":{"counter":1},"chainType":2,"messageKeys":{}},"BWBYl8Wn9lytbQ3dwxBELytH9x8/2XIKKf+C4LFteTY4":{"chainKey":{"counter":0},"chainType":2,"messageKeys":{}},"BSXmggaknkCr5vjHrV5E1xZEDAglwQv4DsYN8bZbuqQj":{"chainKey":{"counter":0},"chainType":2,"messageKeys":{}},"BTP3hYkirhWGtY+MVf2/Epbag1ssfAob+nBPKDgyx9QH":{"chainKey":{"counter":0},"chainType":2,"messageKeys":{}},"BSoZ9LhZB13nzaZta2U5IZOax9B0HN6YIjfhaY3lttor":{"chainKey":{"counter":1},"chainType":2,"messageKeys":{}},"BcubeIdf9/3V77a0c8LferRMKDrUow9NsIbAbdaNiDsE":{"chainKey":{"counter":0},"chainType":2,"messageKeys":{}},"BRMf9aAF981H2Q0xAh+dtN3VWEtpJB+7H3zBSZ2YLXsh":{"chainKey":{"counter":1},"chainType":2,"messageKeys":{}},"BSPIQzc6EEyObJQ78zdRxXDMm4uuyAxHHUWVqZHtiWN9":{"chainKey":{"counter":0},"chainType":2,"messageKeys":{}},"BWMe5JrMdtES+dw8MpRAdQHuD/w+jdbCyLDZD4rB+hMx":{"chainKey":{"counter":0},"chainType":2,"messageKeys":{}},"BX1HFkYVh1a1sl8tlOmnQ4HaCvpWFQ07Ol52NMWYsZI/":{"chainKey":{"counter":1},"chainType":2,"messageKeys":{}},"BaI/VQ+Da93Tr8/bEpQPxsiXS98SMwoqmxRdZMnlTY0D":{"chainKey":{"counter":0},"chainType":2,"messageKeys":{}},"BZ0lpjnmt/9sR8Oz8EGaY2QUN/0+fUyDtkA856Xl6fQB":{"chainKey":{"counter":0},"chainType":2,"messageKeys":{}},"Bbl9GTWf14xzXQSOFPBKrCUyEixG7MFOxwlWI96de7UR":{"chainKey":{"counter":0},"chainType":2,"messageKeys":{}},"BUc5+zZ2NDo/jFXbvvW/JFczg3fq61KNzkj0G9Rnbh5z":{"chainKey":{"counter":1},"chainType":2,"messageKeys":{}},"BTgRwwBtPWYcPTbcqkqEQDjEhkIkOyGMIpe9EvleYvg/":{"chainKey":{"counter":0},"chainType":2,"messageKeys":{}},"BXmbQk4Pm0xfPYWSwSav4WkokQqPab4BeFuMqWlI3UB/":{"chainKey":{"counter":0},"chainType":2,"messageKeys":{}},"BbuMd7G2lRBSJoQw5hSN646a9nWDkKPU3F+X9XG73O5/":{"chainKey":{"counter":0},"chainType":2,"messageKeys":{}},"Bbzgdg4qFVxqPkyFXUhx6lAb8OBnf9VPmraSqJPJQu5b":{"chainKey":{"counter":0},"chainType":2,"messageKeys":{}},"BTg/0Z7EtmWriHCKBMpHlIDmJZU+nCOZWG5RS17YE+Vb":{"chainKey":{"counter":0},"chainType":2,"messageKeys":{}},"BSHTK+QGa7Bq2DBApqf33ro6U1MBWAlnO65Tdg9L9WZp":{"chainKey":{"counter":1},"chainType":2,"messageKeys":{}},"BZtv8LOCzl5/486Zb20Vg/0sd0IZ6AODY4Oi2gY/AnFH":{"chainKey":{"counter":0},"chainType":2,"messageKeys":{}},"BUtGSgG91Qr/d6vLxSoAVe54Mmw6GN5SNP+cDIyed7wT":{"chainKey":{"counter":0},"chainType":2,"messageKeys":{}},"BekDS7bu6vLEmeFAwEmwzgmKH8sGAUkZt+N+BelfaHku":{"chainKey":{"counter":1},"chainType":2,"messageKeys":{}},"BbrdZX63rWObswxEPcWzPjl9BXsmOVQw4RgICUAeabsK":{"chainKey":{"counter":0},"chainType":2,"messageKeys":{}},"BW4I93kH+1hJoO/TuHBZUmerem2oTYG/RfZATnkilYkX":{"chainKey":{"counter":0},"chainType":2,"messageKeys":{}},"BRUVTewV8jQQqCOdDczxVCZ6rxZptnoe14t61Pwqc55E":{"chainKey":{"counter":1},"chainType":2,"messageKeys":{}},"BQW0sog1FZfSUbTIQ2elD4lONQ4/rgxZBFHDDbA9MXs5":{"chainKey":{"counter":1},"chainType":2,"messageKeys":{}},"BWsPSOCRaeXA6bZJoxc+a/SCSpIWYzUZtUmW0iigNt8O":{"chainKey":{"counter":0},"chainType":2,"messageKeys":{}},"BY8hIzy48s74o01HvNks9Fr54jB3qz4cy16lzSzS0TFo":{"chainKey":{"counter":1},"chainType":2,"messageKeys":{}},"BfPaKZBsrTiYUTWcYKBoi3gpW3IaCjK2O2CQt+e606EZ":{"chainKey":{"counter":0},"chainType":2,"messageKeys":{}},"BcvAdPtuFJsQe3nNM9VTlR5ozlGd8MR5cTK/32Y0RLxN":{"chainKey":{"counter":0},"chainType":2,"messageKeys":{}},"Be0v8YivVe6d7GUuDsSF8WzpZo/Zb35vFb6w09tuquIk":{"chainKey":{"counter":4},"chainType":2,"messageKeys":{}},"BQ4nRAeL3bLDG0ZNpj+l15Whf+uBImJWGYNnKiKt6Ecx":{"chainKey":{"counter":0},"chainType":2,"messageKeys":{}},"BWKywn6jNE34GbVQ5CjkjbUWSSs/aIT0I3IfIQB1tbgO":{"chainKey":{"counter":0},"chainType":2,"messageKeys":{}},"Bfms22efOo01nUhiI82AhvXgEz/56G8wJ9UtH10Qz8QD":{"chainKey":{"counter":0},"chainType":2,"messageKeys":{}},"BVwRWjKLPlpX8R2+pFtz6xkAD9Tec3j3/RqpOQseKvkK":{"chainKey":{"counter":0,"key":"S1XOFwLhpAmZEQMVd24pxGBrIcljmSMxSVVHZUsByYs="},"chainType":2,"messageKeys":{}},"BSrIyQAGBVTO2eQrIU4ppF155LZfqeOmDdDD/L/Kh1ZM":{"chainKey":{"counter":5,"key":"XHR1rUqdjN45L6QjNQ9D9KzKPud7IXU7BtR+db7XGY8="},"chainType":1,"messageKeys":{}}}}},"version":"v1"}