{"_sessions":{"BSKa08+ezvAEbgJOw5EMEIp26Tq7YmGtx7athyLxSYho":{"registrationId":601428528,"currentRatchet":{"ephemeralKeyPair":{"pubKey":"BRm/7EgJPI6uQ5bQPBgzAsDz8l2BfqB5Yd7/IFya3KUH","privKey":"MP659Fn/1ckhvmrp8IK69C9umF+06eq7D8KFMRaPs2I="},"lastRemoteEphemeralKey":"BU3TyWVmePThGoby5e0yJH8H5zFzxS1QF1IMdkuIGARK","previousCounter":0,"rootKey":"p2E/w1bk+SM8zmQ9oO6DiZsnirGs34lFnZzhtk0vDGM="},"indexInfo":{"baseKey":"BSKa08+ezvAEbgJOw5EMEIp26Tq7YmGtx7athyLxSYho","baseKeyType":1,"closed":-1,"used":1704174664959,"created":1704174664959,"remoteIdentityKey":"BQ8XmJOjqT5B3eNjHUH3IOWyg4gigYXVhTheLRMMIMM6"},"_chains":{"BRm/7EgJPI6uQ5bQPBgzAsDz8l2BfqB5Yd7/IFya3KUH":{"chainKey":{"counter":0,"key":"0ZmHtSFsbsIr/ec73fybt229/AZNl2vQKN8aMYtGMO4="},"chainType":1,"messageKeys":{}}},"pendingPreKey":{"signedKeyId":1,"baseKey":"BSKa08+ezvAEbgJOw5EMEIp26Tq7YmGtx7athyLxSYho","preKeyId":9765209}}},"version":"v1"}