{"_sessions":{"BYqPEAVzIldcGikNq/dp6znb9Cq21cz+wKxJAfwhSWpd":{"registrationId":2130156167,"currentRatchet":{"ephemeralKeyPair":{"pubKey":"BcYBzxIZiDZf6iWLASVpdEJPpKyS7veIjcC50AM6QfYu","privKey":"MByqHr2mhWaQBLxLjJWuFP1a1TWzkzSBVFdpZMfci3A="},"lastRemoteEphemeralKey":"BdQH1Po6DJcJ34OF7jnBPVGKlvbx6zYHfnSnHpbxzxNb","previousCounter":0,"rootKey":"J8j10enUGam+3Dc1/jQIteHwqkTeU8yruN+2vo7ut58="},"indexInfo":{"baseKey":"BYqPEAVzIldcGikNq/dp6znb9Cq21cz+wKxJAfwhSWpd","baseKeyType":1,"closed":-1,"used":1704163437941,"created":1704163437941,"remoteIdentityKey":"BZv0OF6smDPZFCSXtszlNNPwQfHQX5gqvaa229bepete"},"_chains":{"BcYBzxIZiDZf6iWLASVpdEJPpKyS7veIjcC50AM6QfYu":{"chainKey":{"counter":1,"key":"sBhjicxwun26im56jVmWd/zlpsagrgGoyfgTq/OXndA="},"chainType":1,"messageKeys":{}}},"pendingPreKey":{"signedKeyId":2,"baseKey":"BYqPEAVzIldcGikNq/dp6znb9Cq21cz+wKxJAfwhSWpd","preKeyId":15662185}}},"version":"v1"}