{"_sessions":{"BRMYnOKufyI0UrWtPK6zN5rs0zvaakliM7xasmLshf9w":{"registrationId":16494238,"currentRatchet":{"ephemeralKeyPair":{"pubKey":"BcV9/Kg/JC2NO6mXPtQxgtdxL9ZGBQjaiJtkacjgJIEm","privKey":"4B2DvGbjJiwbEdEV4g44sIP1pTYvycaClQTs2HgEyGs="},"lastRemoteEphemeralKey":"BSMHClgb9H0IB/qdjngfHqHwRyzmCjsA2TZWTUpUL3Qt","previousCounter":0,"rootKey":"31D1D4UDiQU1Z+M+GxaHo811TCCCc7h/+PDyS4A3xr0="},"indexInfo":{"baseKey":"BRMYnOKufyI0UrWtPK6zN5rs0zvaakliM7xasmLshf9w","baseKeyType":1,"closed":-1,"used":1704163485742,"created":1704163485742,"remoteIdentityKey":"BQN95e4vDYuZ6TofFFN3Vp3n5hZnNZCrtpv4C0B35+Aq"},"_chains":{"BcV9/Kg/JC2NO6mXPtQxgtdxL9ZGBQjaiJtkacjgJIEm":{"chainKey":{"counter":1,"key":"jvrMHpMts0So0yZZ9XC9tN9pnKDDflVwTiCm0U7PgcE="},"chainType":1,"messageKeys":{}}},"pendingPreKey":{"signedKeyId":24,"baseKey":"BRMYnOKufyI0UrWtPK6zN5rs0zvaakliM7xasmLshf9w","preKeyId":1955501}}},"version":"v1"}