{"_sessions":{"BZGQ2PMTzTk05FkuS/Og3KnqL6erBFEDzummQfgxiIgA":{"registrationId":1279102440,"currentRatchet":{"ephemeralKeyPair":{"pubKey":"BeGj3LvoQSeXz5rlUn4gFhnS3OOY3Qp8OTfsUPCrA8pC","privKey":"GOpp1mtYNgdqmFzWse3ifYpdAA2XbcVlzyA/vYOYsGY="},"lastRemoteEphemeralKey":"BQt43bRVi9Xn/dpeeWeurY8gMg5Dpv4tIrkTuNgiHFRV","previousCounter":8,"rootKey":"YL46VXv5e7QgBU5NLOL6X8M5zfOLAQArHzCJhFKd8rs="},"indexInfo":{"baseKey":"BZGQ2PMTzTk05FkuS/Og3KnqL6erBFEDzummQfgxiIgA","baseKeyType":1,"closed":-1,"used":1704175829416,"created":1704132688759,"remoteIdentityKey":"BcM+WZJE0w0ILypIAxfJ3zflfSaaSIqCHG/LVY9PdWkr"},"_chains":{"BQt43bRVi9Xn/dpeeWeurY8gMg5Dpv4tIrkTuNgiHFRV":{"chainKey":{"counter":1,"key":"Pf1uE9JF1H5oL0LzQrnl+3r4qceWB9EkDLzIjzcpNsM="},"chainType":2,"messageKeys":{}},"BeGj3LvoQSeXz5rlUn4gFhnS3OOY3Qp8OTfsUPCrA8pC":{"chainKey":{"counter":-1,"key":"gMI49OPOC907SLV25ocGVAkswrHQdGR4fEQxiQ0/mR8="},"chainType":1,"messageKeys":{}}}}},"version":"v1"}