{"_sessions":{"BcZa8Dkq7aNx2FQj5ApzRQQDQ6gM/n47WXJ0FZw3Jetw":{"registrationId":1018925422,"currentRatchet":{"ephemeralKeyPair":{"pubKey":"Bf4kEAZo7MPSNUIZG1dOs0Fgm2ZyeoWt8uqeqdVcyKgI","privKey":"qBoYamfrUTgpFXGx0bWc9kE3bWonpZi9Mz77INqxVkY="},"lastRemoteEphemeralKey":"Be/oh+wn7f/Km51KIyOIoXswWsiQKPc8loTxwg4T1fMC","previousCounter":0,"rootKey":"LQIqw6COI7sl8K+udqiCWlhyE77OrqHCB9+JMN5AXcc="},"indexInfo":{"baseKey":"BcZa8Dkq7aNx2FQj5ApzRQQDQ6gM/n47WXJ0FZw3Jetw","baseKeyType":1,"closed":-1,"used":1704163485766,"created":1704163485766,"remoteIdentityKey":"BTEzMWxPjDVE8iVWe6SN2F1SYedILnq5nJdoSlPAwrwv"},"_chains":{"Bf4kEAZo7MPSNUIZG1dOs0Fgm2ZyeoWt8uqeqdVcyKgI":{"chainKey":{"counter":1,"key":"dNStotLnqgGuOGYFAz0/LHFBsQtkyrBtdPSlbkxv3vA="},"chainType":1,"messageKeys":{}}},"pendingPreKey":{"signedKeyId":5,"baseKey":"BcZa8Dkq7aNx2FQj5ApzRQQDQ6gM/n47WXJ0FZw3Jetw","preKeyId":287419}}},"version":"v1"}