{"_sessions":{"BVcJq2CUOjIwgN9X1PduuFB9i8wT8xPbtxL2XCxE69dS":{"registrationId":129574322,"currentRatchet":{"ephemeralKeyPair":{"pubKey":"BdhtFsorrJCwrX9jmxI2cIkVhPPJn3pwI5Uf8zjww0Fi","privKey":"4H+1pxfjrRV2QzOPlAKpJVDKCUWyTvj2hpTIuAaLrnc="},"lastRemoteEphemeralKey":"BYFNV20p2uMiXMKkj5zNO1WTG9TmpnvFZVzqRX7Lj/BX","previousCounter":0,"rootKey":"J57GcVY2E7Ba9aZQy2PkYyv7MPVM3WC6A0iX2Fvo5go="},"indexInfo":{"baseKey":"BVcJq2CUOjIwgN9X1PduuFB9i8wT8xPbtxL2XCxE69dS","baseKeyType":1,"closed":-1,"used":1704163438050,"created":1704163438050,"remoteIdentityKey":"BdfSh8MR5HKaX2KaYQANIx3X2wCZCF9hcBDbNywJT1Mx"},"_chains":{"BdhtFsorrJCwrX9jmxI2cIkVhPPJn3pwI5Uf8zjww0Fi":{"chainKey":{"counter":1,"key":"4BXfRmj46+eTB1l70YOLFBVZLHHn+nSZbxGByJj1hU4="},"chainType":1,"messageKeys":{}}},"pendingPreKey":{"signedKeyId":0,"baseKey":"BVcJq2CUOjIwgN9X1PduuFB9i8wT8xPbtxL2XCxE69dS"}}},"version":"v1"}