{"_sessions":{"Bd+nzo7Ywl2PeBMBlg74V9YnVAV85vQFyL0uHIYYbVho":{"registrationId":1171635521,"currentRatchet":{"ephemeralKeyPair":{"pubKey":"BSLIJ99xOOHEzECRB3CUaAu04Jo7WHL32kDJkCyxiZ1R","privKey":"2MtYO7y/wVELh3ErJajLAZBVHsoogrOoWcuwCc3DwFI="},"lastRemoteEphemeralKey":"BS1Jd6PL7KQweBZjYpMnObqmA7u7mNW1xiYKE4pvVvR0","previousCounter":8,"rootKey":"P0GyKteQ3MaKTLm36xEJUmU3W6RViCPaBQN+6IBN4rs="},"indexInfo":{"baseKey":"Bd+nzo7Ywl2PeBMBlg74V9YnVAV85vQFyL0uHIYYbVho","baseKeyType":1,"closed":-1,"used":1704185390323,"created":1704132688854,"remoteIdentityKey":"BRe5jnQr3MoBC7aTBQgFDi2bUE0sasn1OmUQ4n2/+cQi"},"_chains":{"BS1Jd6PL7KQweBZjYpMnObqmA7u7mNW1xiYKE4pvVvR0":{"chainKey":{"counter":2,"key":"P2pU/uXdeYqjIFc35wRn0NPaZcNRktIoGa7Q3uHS0j8="},"chainType":2,"messageKeys":{"0":"AJgzByrTsrTykVLJA7CfiAIUImerSe4hlwDA1iiovso="}},"BSLIJ99xOOHEzECRB3CUaAu04Jo7WHL32kDJkCyxiZ1R":{"chainKey":{"counter":-1,"key":"W8gXjQecT1rzwjSjBaXFlh8HzK5UO+T8FU946taeke4="},"chainType":1,"messageKeys":{}}}}},"version":"v1"}