{"_sessions":{"Bb6In+LdzgNn6UAWQGgGbR7M6zrXW62oD3pwGCL7+lQI":{"registrationId":40,"currentRatchet":{"ephemeralKeyPair":{"pubKey":"BVkY8o7OHxfriXuve9EhEpFsBc/l5nCVr4sAk8ODuhQ7","privKey":"6DOT5e0WP4vhLcpolWoImFSYBjUO1N1N8kcOJ10/Jns="},"lastRemoteEphemeralKey":"BX4JW6l1HxD9OetTowUjtdNM6CpercxDfI+NvaYaAS8c","previousCounter":0,"rootKey":"s+aJa8Fh0ZmRQwy9t5c7zn/AmNI5DWayx4TDA8QV+3U="},"indexInfo":{"baseKey":"Bb6In+LdzgNn6UAWQGgGbR7M6zrXW62oD3pwGCL7+lQI","baseKeyType":1,"closed":1704163438491,"used":1704163437925,"created":1704163437925,"remoteIdentityKey":"BTJGnyTQCEf5YW61FGg+xrO8pc8o2ascuy7yZizxmbQ3"},"_chains":{"BVkY8o7OHxfriXuve9EhEpFsBc/l5nCVr4sAk8ODuhQ7":{"chainKey":{"counter":0,"key":"Yuji/EoFlZBVbEAPOAr7UCMXH7aaZCJIKN/t8bFjU3M="},"chainType":1,"messageKeys":{}}},"pendingPreKey":{"signedKeyId":1,"baseKey":"Bb6In+LdzgNn6UAWQGgGbR7M6zrXW62oD3pwGCL7+lQI","preKeyId":14}},"BXTyKS0bkBGL/yKdlKH5a50SHsbO3ceIYi4kMndh5u0x":{"registrationId":40,"currentRatchet":{"ephemeralKeyPair":{"pubKey":"BZPtEBF7tsGO2lKOVJRem2sEdM4ntM3mcAKQ35WtTBxj","privKey":"8HBvd2REbomU41cqjL25xsXzrNQ5T/84FSsrYfxB0XA="},"lastRemoteEphemeralKey":"BaNUEpg2X8AZtsaU5/8y4bi89Dlg9WjgypGHWl0v/Ts/","previousCounter":0,"rootKey":"7S4uZZvMaZsax3k/1KFS3L+gAUFSCOO+53bJDTFIXKw="},"indexInfo":{"baseKey":"BXTyKS0bkBGL/yKdlKH5a50SHsbO3ceIYi4kMndh5u0x","baseKeyType":2,"closed":-1,"used":1704163438494,"created":1704163438494,"remoteIdentityKey":"BTJGnyTQCEf5YW61FGg+xrO8pc8o2ascuy7yZizxmbQ3"},"_chains":{"BaNUEpg2X8AZtsaU5/8y4bi89Dlg9WjgypGHWl0v/Ts/":{"chainKey":{"counter":0,"key":"1lVhJbs99JQNX9oiAGm4JAD0a2b3UUHCiU9MZ9T5Qrg="},"chainType":2,"messageKeys":{}},"BZPtEBF7tsGO2lKOVJRem2sEdM4ntM3mcAKQ35WtTBxj":{"chainKey":{"counter":0,"key":"lgyZTdRWf6hp5/itut5Y+TWZyuqCoBFHicNDq917w1Q="},"chainType":1,"messageKeys":{}}}}},"version":"v1"}