{"_sessions":{"BafYhKXD4fDInCuC8JoBVZoF0HqISY/XgmFf8IfaTtYt":{"registrationId":1748734802,"currentRatchet":{"ephemeralKeyPair":{"pubKey":"BYoOeXlEuV1vQjWHbLiWCdLwoQFiREV+cH2r6d0GGiwT","privKey":"ACFWmUC8BXy9h5imOns2G401MTv+nz94CGCcUK/pc2Y="},"lastRemoteEphemeralKey":"BQbNimlWi8rV+27/xked6Ypb+5ycpSUctZAucxx1ljIo","previousCounter":0,"rootKey":"S+KPW4kwfHyikdm9GmxKl+2YpYVi3WHsZ+f4vzjkQp0="},"indexInfo":{"baseKey":"BafYhKXD4fDInCuC8JoBVZoF0HqISY/XgmFf8IfaTtYt","baseKeyType":1,"closed":-1,"used":1704132689052,"created":1704132689052,"remoteIdentityKey":"BVT1iiKVAj0lkCAFPd7b9A31suvI6VfdHM0tbJ8sVMgM"},"_chains":{"BYoOeXlEuV1vQjWHbLiWCdLwoQFiREV+cH2r6d0GGiwT":{"chainKey":{"counter":8,"key":"0SLp+UWC8KUnKax1VyDiE+5E5I8hxyTGmSuIRk7i+24="},"chainType":1,"messageKeys":{}}},"pendingPreKey":{"signedKeyId":1,"baseKey":"BafYhKXD4fDInCuC8JoBVZoF0HqISY/XgmFf8IfaTtYt","preKeyId":8488369}}},"version":"v1"}