{"_sessions":{"BZ3CpRFKmDnxxO5VOXvas6P4mU2RuoJV/ZoFRBtLQ3kf":{"registrationId":181325705,"currentRatchet":{"ephemeralKeyPair":{"pubKey":"BY15PIrQYUKZa3PiV/GiiLdHYplC17CshOOhQT4OfqdC","privKey":"gFMRvPtO7jI4tH9AwIWnfvPx0vBj6xaUk53bFp9fdmE="},"lastRemoteEphemeralKey":"BTggO37WXb9iVyByD8eVhe2LlmUmKIwav0DmMd4VMExs","previousCounter":0,"rootKey":"o2ZymuDZ27hhsGi+GA9fDOgDvdZbSSrPD72v5Yx9+Yg="},"indexInfo":{"baseKey":"BZ3CpRFKmDnxxO5VOXvas6P4mU2RuoJV/ZoFRBtLQ3kf","baseKeyType":1,"closed":-1,"used":1704132688929,"created":1704132688929,"remoteIdentityKey":"BaUcE22gqT4IL+/qOKilULQgmr24rdMDzX+BeGzRb51M"},"_chains":{"BY15PIrQYUKZa3PiV/GiiLdHYplC17CshOOhQT4OfqdC":{"chainKey":{"counter":8,"key":"/T/7eX7meUnIdHRqjfBjzunHANHEKyo9tPpyB/ccpD8="},"chainType":1,"messageKeys":{}}},"pendingPreKey":{"signedKeyId":74,"baseKey":"BZ3CpRFKmDnxxO5VOXvas6P4mU2RuoJV/ZoFRBtLQ3kf","preKeyId":9992181}}},"version":"v1"}