{"_sessions":{"BRW+vlTiUAboZOn0+CKyHR6HW1wbRs03kF/BJdYR/wtj":{"registrationId":937197830,"currentRatchet":{"ephemeralKeyPair":{"pubKey":"BTVSQzRTNadTQDLE/UQKjqPk3cG+0QaxzT5XyfsL8qJB","privKey":"SH7VkzBB6cXGe807/L/WEMXXf2/jUiJ9MEiJuR2KoWA="},"lastRemoteEphemeralKey":"Bd7LdbmAhgzjPeLbez7jMyWx81fls+EWS73UejgNrG5n","previousCounter":0,"rootKey":"1lqqPRlnNTyiVV85336nIFl5FqFCuB8kBcsHnu1jTI0="},"indexInfo":{"baseKey":"BRW+vlTiUAboZOn0+CKyHR6HW1wbRs03kF/BJdYR/wtj","baseKeyType":1,"closed":-1,"used":1704163485943,"created":1704163485943,"remoteIdentityKey":"Bby/na/yyhZKjk1SmJ8Ng6YzmbgzX0PlapCoMunre61k"},"_chains":{"BTVSQzRTNadTQDLE/UQKjqPk3cG+0QaxzT5XyfsL8qJB":{"chainKey":{"counter":1,"key":"OxJME4kKXG5tIEW8ALnS0CXRNsn6OJ0JfPY+XA0d644="},"chainType":1,"messageKeys":{}}},"pendingPreKey":{"signedKeyId":2,"baseKey":"BRW+vlTiUAboZOn0+CKyHR6HW1wbRs03kF/BJdYR/wtj","preKeyId":4345097}}},"version":"v1"}