{"_sessions":{"BePOQVQOiO26E5K/SjISkJeZYWg1sldQ0+4kbGQywAQj":{"registrationId":942373059,"currentRatchet":{"ephemeralKeyPair":{"pubKey":"BbgWkspT7qmGpPFsORw8IMhLrIEgaCm+iKXy8rrD09kw","privKey":"0I3hh618iqVI2ZZPAYKta1tvjIu3wGWU8s4oZW4eG0c="},"lastRemoteEphemeralKey":"BUTkk1DGF+w23zn7Fmq0+5L0SECQyVwen7CIlY1W2lAp","previousCounter":0,"rootKey":"9bFPIj4GvNvcfyn8L9Q5QSssuKGJLxI7MaeV4n58ISI="},"indexInfo":{"baseKey":"BePOQVQOiO26E5K/SjISkJeZYWg1sldQ0+4kbGQywAQj","baseKeyType":1,"closed":-1,"used":1704163486016,"created":1704163486016,"remoteIdentityKey":"BY+saoR01RycG1X1ktxnhSYSep/0pfTlwBp1qp+SKeA/"},"_chains":{"BbgWkspT7qmGpPFsORw8IMhLrIEgaCm+iKXy8rrD09kw":{"chainKey":{"counter":1,"key":"Dped4krhPZaBg6pz+3XF0uIxCP//XILBuVneQil/+s8="},"chainType":1,"messageKeys":{}}},"pendingPreKey":{"signedKeyId":0,"baseKey":"BePOQVQOiO26E5K/SjISkJeZYWg1sldQ0+4kbGQywAQj"}}},"version":"v1"}