{"_sessions":{"Bf9FBqixAaldqTX0eX5oLgJK2FP/gnIhS8smaGREEL1U":{"registrationId":1312168651,"currentRatchet":{"ephemeralKeyPair":{"pubKey":"BapWVWhfDH9oyJZL0cD4DOtLGFfHiUVdElM/5FkrSthg","privKey":"ANAVOmmlVe01EcvDyXtIYRDCTZn33SxYl3iD/DVXdXM="},"lastRemoteEphemeralKey":"BZ3LGMlMbbJbvYXrO72gZa67HUiQKKbPCK/BURc2ulAR","previousCounter":0,"rootKey":"FHvOS6sSmLmGJasJDtYx1mJG9YMH94MBXvsqqUOgDuE="},"indexInfo":{"baseKey":"Bf9FBqixAaldqTX0eX5oLgJK2FP/gnIhS8smaGREEL1U","baseKeyType":1,"closed":-1,"used":1704132688644,"created":1704132688644,"remoteIdentityKey":"BYd04Z9/eB71UcN6xupmm+vfO4oYpjM0HCeeGPPqSz1I"},"_chains":{"BapWVWhfDH9oyJZL0cD4DOtLGFfHiUVdElM/5FkrSthg":{"chainKey":{"counter":8,"key":"QIi0uBKvkuqjHCK7fQHTYcByVwsTbABfiFlm0h8WBIk="},"chainType":1,"messageKeys":{}}},"pendingPreKey":{"signedKeyId":1,"baseKey":"Bf9FBqixAaldqTX0eX5oLgJK2FP/gnIhS8smaGREEL1U"}}},"version":"v1"}