{"_sessions":{"BU8yMjQ1aFb6FxauGP/BiGV+j1mETSLfOSmyWq+7MLpB":{"registrationId":1764353657,"currentRatchet":{"ephemeralKeyPair":{"pubKey":"BYA/P0+gJNO2SH4JZfLv9T4A6SpwIDtfCnH7SpNEJDAw","privKey":"qKHsiN//G0CQ2T20MHsZKqs0r3wlc3SpkKoUFDcbQVQ="},"lastRemoteEphemeralKey":"BTh0ozQko/qb/jDrNBb5PAa2ydEH8yDbaQRuAI7PV/ZM","previousCounter":0,"rootKey":"1u1h/3i3czpj/rCMhwAQVNU/qSJROAnh8t+6sdR9jjA="},"indexInfo":{"baseKey":"BU8yMjQ1aFb6FxauGP/BiGV+j1mETSLfOSmyWq+7MLpB","baseKeyType":1,"closed":-1,"used":1704163485654,"created":1704163485654,"remoteIdentityKey":"BUjOth7EHdL3sad8nu3167qjBWFmDTwzWIrIlDJ081oP"},"_chains":{"BYA/P0+gJNO2SH4JZfLv9T4A6SpwIDtfCnH7SpNEJDAw":{"chainKey":{"counter":1,"key":"yPBc7IlBFXjz4CR5JykrWEA3biZnxJ2e4jVZ4pCrkQk="},"chainType":1,"messageKeys":{}}},"pendingPreKey":{"signedKeyId":1,"baseKey":"BU8yMjQ1aFb6FxauGP/BiGV+j1mETSLfOSmyWq+7MLpB","preKeyId":10427777}}},"version":"v1"}