{"_sessions":{"BfbspucMNumoGtPO5XzFh+lugVm7IzmPv8v6E6NXRSIH":{"registrationId":246,"currentRatchet":{"ephemeralKeyPair":{"pubKey":"BUGiOMr6onWvlTzbEyiNIAMSSpN7hP33CQ1Hijym7Fh7","privKey":"UHUpc5DJXsU88OS6HQfrjs3FfNXpbUH1tY5DwqfXZUg="},"lastRemoteEphemeralKey":"BeLy1A1N/wnYbcMFVRGMTATzV+b3aYJX3uoXskt6wsMJ","previousCounter":0,"rootKey":"fRjjpZA99Bz2T5JvXFafD3v7eSqZvn+5iK9DM4B6EIY="},"indexInfo":{"baseKey":"BfbspucMNumoGtPO5XzFh+lugVm7IzmPv8v6E6NXRSIH","baseKeyType":1,"closed":-1,"used":1704126100678,"created":1704126100678,"remoteIdentityKey":"BcR0muJaskdePA8Xjbq+2VIGU4Z0gkmw4PibcGLy8vN7"},"_chains":{"BUGiOMr6onWvlTzbEyiNIAMSSpN7hP33CQ1Hijym7Fh7":{"chainKey":{"counter":1085,"key":"Mu3zNN8Jj9xs7p0OY9j+041cmSrnVnnheDnimEhODhE="},"chainType":1,"messageKeys":{}}},"pendingPreKey":{"signedKeyId":1,"baseKey":"BfbspucMNumoGtPO5XzFh+lugVm7IzmPv8v6E6NXRSIH","preKeyId":21}}},"version":"v1"}