{"_sessions":{"BZl/lj211MmRDu9khvZnj6VHFu5Rgf6IG/y2Ifz4E344":{"registrationId":1621426124,"currentRatchet":{"ephemeralKeyPair":{"pubKey":"BQT8yHtoa5izUA6AyEYsHKWyDdEGD35cw35rNlBqk9Nx","privKey":"UG5tO5FR3QjCfZTqu1MyzC9fakq1fvASLHBjOvuh5Fc="},"lastRemoteEphemeralKey":"BZ44P/P5vSFF6gePYfaWl582FNFi4XMLroLSQ4il1G1c","previousCounter":0,"rootKey":"OKxbJCK8Rox5ciq2te87OjdpzFni/B6k2ZMstrSA18Q="},"indexInfo":{"baseKey":"BZl/lj211MmRDu9khvZnj6VHFu5Rgf6IG/y2Ifz4E344","baseKeyType":1,"closed":-1,"used":1704163437964,"created":1704163437964,"remoteIdentityKey":"BRhgTnmkxb3rqifsKtDtQ5W4veu89yuOCNrozI9CEvJN"},"_chains":{"BQT8yHtoa5izUA6AyEYsHKWyDdEGD35cw35rNlBqk9Nx":{"chainKey":{"counter":1,"key":"YwgrLvtadDGzXpU+t6OSOyApIx1/BaZFvDY2wNpWiDQ="},"chainType":1,"messageKeys":{}}},"pendingPreKey":{"signedKeyId":11,"baseKey":"BZl/lj211MmRDu9khvZnj6VHFu5Rgf6IG/y2Ifz4E344","preKeyId":6853241}}},"version":"v1"}