{"_sessions":{"BVlAmb+qf/LYuNMryv7PkTQYersMxUDGQsDoWIQHNRdC":{"registrationId":1494193304,"currentRatchet":{"ephemeralKeyPair":{"pubKey":"BU+HEkuB7AyOPQV2FInr0BsFJY0Ji3GHlYHiuxGNpmpo","privKey":"cKCru0TMYh87mBj1elNcWnRIxfj3CeGb62A0oEiBzXE="},"lastRemoteEphemeralKey":"BfqdQr0EfJUuu7e814xJIbL93WLnInPpG8/yl3YEAJJB","previousCounter":0,"rootKey":"3EW1YbgTXJ1EHarWU20LH1dx67CsooQ+K5V8LRGp1Ao="},"indexInfo":{"baseKey":"BVlAmb+qf/LYuNMryv7PkTQYersMxUDGQsDoWIQHNRdC","baseKeyType":1,"closed":-1,"used":1704132689048,"created":1704132689048,"remoteIdentityKey":"BXmZWYWRKAD9I37ecxrRDRE2JHb7nzskGBgMiUi/cI1N"},"_chains":{"BU+HEkuB7AyOPQV2FInr0BsFJY0Ji3GHlYHiuxGNpmpo":{"chainKey":{"counter":8,"key":"jGGHClNqgpG4FmRkOe+2FET7ur7PE/519dlZsHyd0ag="},"chainType":1,"messageKeys":{}}},"pendingPreKey":{"signedKeyId":7,"baseKey":"BVlAmb+qf/LYuNMryv7PkTQYersMxUDGQsDoWIQHNRdC","preKeyId":8535500}}},"version":"v1"}