{"_sessions":{"BSySxzL6iKe3lHjNtZBiD8pqYa6R8uQWf5xR4cXCybRq":{"registrationId":1586679119,"currentRatchet":{"ephemeralKeyPair":{"pubKey":"BY8+kMAB8kSqk0HpIvlLix5kU8Ib55E7QkbqUjq+xQYw","privKey":"kOhemPLVEc9zn9SJgMD4+6tmUl00pB33iI2EAdY5blA="},"lastRemoteEphemeralKey":"BeNcQJTnAbQAQiy/366MnnSE+qZENJdAvNfmWh+Jlv1b","previousCounter":0,"rootKey":"ka9yP7lxxVe79yELm2GzNpQVxw2FuNe0d6FVoe3UkS0="},"indexInfo":{"baseKey":"BSySxzL6iKe3lHjNtZBiD8pqYa6R8uQWf5xR4cXCybRq","baseKeyType":1,"closed":-1,"used":1704163485744,"created":1704163485744,"remoteIdentityKey":"BcYnl0ua/KuWAc84LP7C62Ywua4crafu79iTGfIXdgZI"},"_chains":{"BY8+kMAB8kSqk0HpIvlLix5kU8Ib55E7QkbqUjq+xQYw":{"chainKey":{"counter":1,"key":"hs4zowC/9p8is/zEcRaVxWn0RYuiy0dVaJ4aTUmG7YU="},"chainType":1,"messageKeys":{}}},"pendingPreKey":{"signedKeyId":1,"baseKey":"BSySxzL6iKe3lHjNtZBiD8pqYa6R8uQWf5xR4cXCybRq","preKeyId":7279512}}},"version":"v1"}