{"_sessions":{"BUkZjYNXtCL8YPGXsgBtZAOZDe3flsj4MJEerthXBGUr":{"registrationId":1148922327,"currentRatchet":{"ephemeralKeyPair":{"pubKey":"BVKDfbwBJm3FZuiok0SWd1YAE5epousSXsKzU5D+Ji5S","privKey":"QOsINIEyAPP8t8stMUtwGmo/uNmYRkiA9Jur3rwjQUU="},"lastRemoteEphemeralKey":"BdA+SA+oTKgHCQiQGyxf7sn386YGVDFlBQRP+xtr5Ko7","previousCounter":0,"rootKey":"er2d7T1Ckktl4bdLKRTWqK+7qHlT7Nqqlx95/ytFwcs="},"indexInfo":{"baseKey":"BUkZjYNXtCL8YPGXsgBtZAOZDe3flsj4MJEerthXBGUr","baseKeyType":1,"closed":-1,"used":1704163485951,"created":1704163485951,"remoteIdentityKey":"BRqEoH1DGxZajv9AbutPOkc9xPUJTfRm3pFh/2s6CA1P"},"_chains":{"BVKDfbwBJm3FZuiok0SWd1YAE5epousSXsKzU5D+Ji5S":{"chainKey":{"counter":1,"key":"BkSYEWJCaW9rQTLy14ZQmLW1uoq6B/1FskZ6+zP5/hM="},"chainType":1,"messageKeys":{}}},"pendingPreKey":{"signedKeyId":8,"baseKey":"BUkZjYNXtCL8YPGXsgBtZAOZDe3flsj4MJEerthXBGUr","preKeyId":16157785}}},"version":"v1"}