{"_sessions":{"Bac8n3w8nkJCPDDI1QBcsDxFR1A1eWd+GZYr+DP4KNMw":{"registrationId":1253833368,"currentRatchet":{"ephemeralKeyPair":{"pubKey":"BU0CHn5XxXO+/IfehIp/2uDG51gxzT2LRHcFwpkScC4j","privKey":"GAwzOv114TFUnmi8rl6vPZufbnC6xPdYZAVZWe+mklM="},"lastRemoteEphemeralKey":"BUimrch2aCobKOGiEbhX0kGSPTZ2ZUTdEkUQ+oMJc3Y1","previousCounter":0,"rootKey":"UwYldjouWcJwUIjJKNl9QLhAUt9ncg0vcawulDnsfwQ="},"indexInfo":{"baseKey":"Bac8n3w8nkJCPDDI1QBcsDxFR1A1eWd+GZYr+DP4KNMw","baseKeyType":1,"closed":-1,"used":1704163485719,"created":1704163485719,"remoteIdentityKey":"BRh9Wq8kaSTUJTB1LG55jY4LYRbg3SV/zjEmMzix1fFl"},"_chains":{"BU0CHn5XxXO+/IfehIp/2uDG51gxzT2LRHcFwpkScC4j":{"chainKey":{"counter":1,"key":"1LIWIiWStR1Q2OMExDGlc/FujIyS3skwfNOXowUk2hQ="},"chainType":1,"messageKeys":{}}},"pendingPreKey":{"signedKeyId":10,"baseKey":"Bac8n3w8nkJCPDDI1QBcsDxFR1A1eWd+GZYr+DP4KNMw","preKeyId":12358737}}},"version":"v1"}