{"_sessions":{"BVouzLNF2ADQ6DJQ1DhoiPU6YNfKoix/ZntXp8D6tL1z":{"registrationId":43583758,"currentRatchet":{"ephemeralKeyPair":{"pubKey":"BY/9FTAvzbQ5aXKqnpuxXEnzU7lrF+6uRcQWooy1fQFQ","privKey":"wMErTe8ZD2VIOT8JhZt/G9/w0tHpx5nWG0BiB8Zu33Y="},"lastRemoteEphemeralKey":"BVJcB3DECqn+ytNM8CrUkZE2GAO0QKWufWq1pRSN+qlG","previousCounter":0,"rootKey":"Es1fPaT9Z4i9CJ2CznJ8pGaEeCWCFa3EJfeeyi6pdTo="},"indexInfo":{"baseKey":"BVouzLNF2ADQ6DJQ1DhoiPU6YNfKoix/ZntXp8D6tL1z","baseKeyType":1,"closed":-1,"used":1704132688724,"created":1704132688724,"remoteIdentityKey":"BWvmiHk4m3dq7gUdFPgWiY5MQUf/3CiM5//HoYsVAvQH"},"_chains":{"BY/9FTAvzbQ5aXKqnpuxXEnzU7lrF+6uRcQWooy1fQFQ":{"chainKey":{"counter":8,"key":"EUt6/R0JzH5A2u5wIG3huYt4tgoWLBDRm7f47yuXo2A="},"chainType":1,"messageKeys":{}}},"pendingPreKey":{"signedKeyId":6442185,"baseKey":"BVouzLNF2ADQ6DJQ1DhoiPU6YNfKoix/ZntXp8D6tL1z","preKeyId":15630}}},"version":"v1"}