{"_sessions":{"BQhm0BI5bcDZxpK9X/+2bYLf2MwBR4NPCSVNfDU+39Qq":{"registrationId":346356294,"currentRatchet":{"ephemeralKeyPair":{"pubKey":"BYDMmUiVLrHdzMxZPEpy7QMLjXJkTgb/Hygyb3wL2kU7","privKey":"mDMS+pTZ8kYYBSRPJXCPRSLwbOPE8LGz5RlZmBnbonE="},"lastRemoteEphemeralKey":"Bb83pM8EZPqUAGSiFY0/KYJgrAthDqFT/R15NvnUVw95","previousCounter":0,"rootKey":"viGc3YzSxHI/JzeZix37cJ+s+sGfuVrOG0EzHrFdUhE="},"indexInfo":{"baseKey":"BQhm0BI5bcDZxpK9X/+2bYLf2MwBR4NPCSVNfDU+39Qq","baseKeyType":1,"closed":-1,"used":1704163438021,"created":1704163438021,"remoteIdentityKey":"BSSLSCAWDp60EEDj7nFxWkQwSpMOlVsjVJiA8ESC6Kg8"},"_chains":{"BYDMmUiVLrHdzMxZPEpy7QMLjXJkTgb/Hygyb3wL2kU7":{"chainKey":{"counter":1,"key":"8iGjuKrwB2tUhBI7fsOzeFernE3Lj9HC64uWOmGlCz4="},"chainType":1,"messageKeys":{}}},"pendingPreKey":{"signedKeyId":12,"baseKey":"BQhm0BI5bcDZxpK9X/+2bYLf2MwBR4NPCSVNfDU+39Qq","preKeyId":137461}}},"version":"v1"}