{"_sessions":{"BTtlUUtgOJbH2C3rgQj4nlb9Fyb02uyEm2t6dggrYhgO":{"registrationId":2029758406,"currentRatchet":{"ephemeralKeyPair":{"pubKey":"BbmFOQXWtNDDUTiBchLKX34XjgFIGpHvcnwox+Lvu8Ux","privKey":"wDWWWcegcaH6H7jwXuTtp98gLiPDf9D0m2ea3KzVd18="},"lastRemoteEphemeralKey":"BRl7aY+ji3IcOMXXwMLYKKFfXC7CYGsVqOKvbZ7IjHUr","previousCounter":0,"rootKey":"HGsCEViKOfcLhEqY6FWFYtV+0sdACaOAahgx1vtD7aw="},"indexInfo":{"baseKey":"BTtlUUtgOJbH2C3rgQj4nlb9Fyb02uyEm2t6dggrYhgO","baseKeyType":1,"closed":-1,"used":1704163437968,"created":1704163437968,"remoteIdentityKey":"BUcNMUhSmcGpS/yswDV6L7PP81B83uFPgjFqUH8Po4ZP"},"_chains":{"BbmFOQXWtNDDUTiBchLKX34XjgFIGpHvcnwox+Lvu8Ux":{"chainKey":{"counter":1,"key":"D7A/Ex40kOerAJX4VnyilXUw+/vYnU0Q2TnFUkEp9PE="},"chainType":1,"messageKeys":{}}},"pendingPreKey":{"signedKeyId":2,"baseKey":"BTtlUUtgOJbH2C3rgQj4nlb9Fyb02uyEm2t6dggrYhgO","preKeyId":12221235}}},"version":"v1"}