{"_sessions":{"BTZj1g3dw2mTd0GkRw04ugYmZhZQjYTTxx+kbB3rJpw3":{"registrationId":1589,"currentRatchet":{"ephemeralKeyPair":{"pubKey":"BQoZohnKHgL4p9zZ864A7DaGTkN+CGsqEVhkBXVnsu8/","privKey":"sCkJtH0VS3jKigsBG/uPkUApL4BcXSy6Ged5U69oUnI="},"lastRemoteEphemeralKey":"BVGPYugQHvwe4aphnW7gc7TtrKTNIe1g+sB6F1IYjPIf","previousCounter":0,"rootKey":"bcCqJgTU+uZxK2h63WEzZCoZnaCjqSX07U1yqq9Mu6Q="},"indexInfo":{"baseKey":"BTZj1g3dw2mTd0GkRw04ugYmZhZQjYTTxx+kbB3rJpw3","baseKeyType":1,"closed":-1,"used":1704132688654,"created":1704132688654,"remoteIdentityKey":"BfmxOHWQ8q/T0A10johrsNdBNHInDvC3bMmVpFN6ojhp"},"_chains":{"BQoZohnKHgL4p9zZ864A7DaGTkN+CGsqEVhkBXVnsu8/":{"chainKey":{"counter":10,"key":"p/rLloJ5aNC1Z2dsiHlaD2qyXT0QuQyAWzXsbpNcy4k="},"chainType":1,"messageKeys":{}}},"pendingPreKey":{"signedKeyId":2,"baseKey":"BTZj1g3dw2mTd0GkRw04ugYmZhZQjYTTxx+kbB3rJpw3","preKeyId":3890}}},"version":"v1"}