{"_sessions":{"BZA2ucjgZJZnf9AIR1tq2JDShrYCnJSUgybrZ8qtSiAR":{"registrationId":1482263901,"currentRatchet":{"ephemeralKeyPair":{"pubKey":"BR0wWhUmZHAtWonn4DdVKJV1WJqWHrNKidG/z7AroGEK","privKey":"IMUnP+HAwLzIZjlehBNUVd+FuIf+kEeErVbGywYqV0k="},"lastRemoteEphemeralKey":"BXIMAjwboHnm8XNBbNxRhgzX+e8nFPCAyKuZhkw3ZvN4","previousCounter":0,"rootKey":"mo5Bwfz18Bh0bh4dWXD34xhyjsmHkKgrSeuB2yA0dkA="},"indexInfo":{"baseKey":"BZA2ucjgZJZnf9AIR1tq2JDShrYCnJSUgybrZ8qtSiAR","baseKeyType":1,"closed":-1,"used":1704132688716,"created":1704132688716,"remoteIdentityKey":"BQB9k2XjumMcn3xA2xrF0o7Ek+ZAh4B+eb9/3HBBIHwz"},"_chains":{"BR0wWhUmZHAtWonn4DdVKJV1WJqWHrNKidG/z7AroGEK":{"chainKey":{"counter":8,"key":"ArwNvPeDpoWSWIgP4TmvGWlpDKcHT7VjgiU+EHso/Ps="},"chainType":1,"messageKeys":{}}},"pendingPreKey":{"signedKeyId":31,"baseKey":"BZA2ucjgZJZnf9AIR1tq2JDShrYCnJSUgybrZ8qtSiAR","preKeyId":16308298}}},"version":"v1"}