{"_sessions":{"BS6Ge+eFUGzi11B6VlVhKCNvqYitQ4piOSR3WVEypw5/":{"registrationId":248,"currentRatchet":{"ephemeralKeyPair":{"pubKey":"BaeIhk9jjiPybuWGVDbIg3PQuCAI4FiadlIIHmKxWXNI","privKey":"WBu5sZ3AVGD8jDFqaEl2xwkfdtytcsYp6gx8bEOwgW8="},"lastRemoteEphemeralKey":"BeDPGHMgRVc3B2d9niBV8hDFt8o1igta4ZcD1a9ydXJy","previousCounter":0,"rootKey":"syRsonXC8HNtzqC50VPfWdPqtYHQD1EZu4qVtm5e+34="},"indexInfo":{"baseKey":"BS6Ge+eFUGzi11B6VlVhKCNvqYitQ4piOSR3WVEypw5/","baseKeyType":1,"closed":-1,"used":1704174664956,"created":1704174664956,"remoteIdentityKey":"BateWY0JRLQzzQIq5aAWwq4XlaXEQokMpJNLpzFAvtgP"},"_chains":{"BaeIhk9jjiPybuWGVDbIg3PQuCAI4FiadlIIHmKxWXNI":{"chainKey":{"counter":0,"key":"WMkO9Gl6OE4AjLJ+mjwmED4CZg0un2oHsX8mH/d2gYg="},"chainType":1,"messageKeys":{}}},"pendingPreKey":{"signedKeyId":1,"baseKey":"BS6Ge+eFUGzi11B6VlVhKCNvqYitQ4piOSR3WVEypw5/","preKeyId":80}}},"version":"v1"}