{"_sessions":{"BeF5Dg33aabLmgB3IE8Jwv3wmLSZv+MlZmGdDFgr/Phz":{"registrationId":1980057687,"currentRatchet":{"ephemeralKeyPair":{"pubKey":"BV2iBTtxbe6xuZOp/RyCrX8wZsADhsuKtNyyAe6JzZ8J","privKey":"yGSgNWknFJhjnCKM+p+wYpPn/y0HV763sMPCj7q3Ol4="},"lastRemoteEphemeralKey":"BZ9dtfrf6z9HlSFBXVFyY5n7DYkytDRJgjsI/+qmmkN/","previousCounter":0,"rootKey":"0vNOfVzIRhhI/2XQi9s8HsA8f4IMnh3HjCxbveAHfU0="},"indexInfo":{"baseKey":"BeF5Dg33aabLmgB3IE8Jwv3wmLSZv+MlZmGdDFgr/Phz","baseKeyType":1,"closed":-1,"used":1704163486056,"created":1704163486056,"remoteIdentityKey":"BbZ0fFJI3VbFDYp44Yuz4gi/X+wmU49NBouBFR2FXbUW"},"_chains":{"BV2iBTtxbe6xuZOp/RyCrX8wZsADhsuKtNyyAe6JzZ8J":{"chainKey":{"counter":1,"key":"n2Wn6aPYT3XlzXf3nWGtlSKpYh51qQUlBSZKxcKjAG4="},"chainType":1,"messageKeys":{}}},"pendingPreKey":{"signedKeyId":3,"baseKey":"BeF5Dg33aabLmgB3IE8Jwv3wmLSZv+MlZmGdDFgr/Phz","preKeyId":1283564}}},"version":"v1"}