{"_sessions":{"BSNq6D01Gq16WpY8H81xLYqldvYB39V7NAxTulD+gT1R":{"registrationId":102322113,"currentRatchet":{"ephemeralKeyPair":{"pubKey":"BUYtaxZ5D0zpc+4ru1qGHAWn4wrwN4Ys/+jxTDQGV1g3","privKey":"sMMOGreguFGmJQU/lnd4hcowCeqXQK2aWazI2qWYQXs="},"lastRemoteEphemeralKey":"BRQ5ovjFSlillZAa/9J2AhzavYCsHvdT4dAxtY0k3WdB","previousCounter":0,"rootKey":"cfxyxMe7Bs5giEJ20zrEC+4r7EP3UJsRs2AVFNgJ8Cg="},"indexInfo":{"baseKey":"BSNq6D01Gq16WpY8H81xLYqldvYB39V7NAxTulD+gT1R","baseKeyType":1,"closed":-1,"used":1704132688832,"created":1704132688832,"remoteIdentityKey":"BY0wvk/vo9xUNCyyrrg1uWjoGKjbLTE2DMJDemoln1UI"},"_chains":{"BUYtaxZ5D0zpc+4ru1qGHAWn4wrwN4Ys/+jxTDQGV1g3":{"chainKey":{"counter":8,"key":"RPyhYI/C9FLLhvJ2IKHpiKz8dfrEHLzd6nhY+pGZHaw="},"chainType":1,"messageKeys":{}}},"pendingPreKey":{"signedKeyId":0,"baseKey":"BSNq6D01Gq16WpY8H81xLYqldvYB39V7NAxTulD+gT1R"}}},"version":"v1"}