{"_sessions":{"Bb6bMZ3tLOyN5k9zerRJ57CeHv73Ivteu8iPJNKbwGhc":{"registrationId":1435459119,"currentRatchet":{"ephemeralKeyPair":{"pubKey":"BU6ffhp+pgfutFMaZnWil8o/JSHlu6Un3qmLNfHFpS5S","privKey":"eKrJV1CLGpZdz8E43po1sV6XqjGjtYAJOHK93G2Zj1c="},"lastRemoteEphemeralKey":"BbCKGJHU/GWKhUznsvBJ9yqM97HmwY4h+ijWeSXNF2QJ","previousCounter":0,"rootKey":"V2VZGwfcMhWQmMWAhhfhvf1HY5JFgZyb8PGip30JHrU="},"indexInfo":{"baseKey":"Bb6bMZ3tLOyN5k9zerRJ57CeHv73Ivteu8iPJNKbwGhc","baseKeyType":1,"closed":-1,"used":1704163486035,"created":1704163486035,"remoteIdentityKey":"BehOnameRRRsgGB+EzWkd+WZKA6rdv4Vzjcz2W8PSece"},"_chains":{"BU6ffhp+pgfutFMaZnWil8o/JSHlu6Un3qmLNfHFpS5S":{"chainKey":{"counter":1,"key":"sKlHqV+xltFN3YmjDzPLo1xizQ0y+kd6b8KF96Lzpts="},"chainType":1,"messageKeys":{}}},"pendingPreKey":{"signedKeyId":2,"baseKey":"Bb6bMZ3tLOyN5k9zerRJ57CeHv73Ivteu8iPJNKbwGhc","preKeyId":3201437}}},"version":"v1"}