{"_sessions":{"BewsE5KWTDJ729aNCQXjb3tWneAGR/aJZNEyNbUGVQ8D":{"registrationId":109,"currentRatchet":{"ephemeralKeyPair":{"pubKey":"BagmPI4sAoupuMLXxjhAP2xeBz9LQUzpdvQbfB9pPxsh","privKey":"aJY6yEXFAEJ06hSh0IY4jLG3/pCbf14xNrcKByaVY3I="},"lastRemoteEphemeralKey":"BVigur0cRDDJ0icjrqtqsw4zkS5CikUdVbmzcy8bqEhM","previousCounter":0,"rootKey":"BFLFSvhNGRDgc983xMBEVWJjFNj4pPaMfrmOrfBlPVk="},"indexInfo":{"baseKey":"BewsE5KWTDJ729aNCQXjb3tWneAGR/aJZNEyNbUGVQ8D","baseKeyType":1,"closed":-1,"used":1704163437920,"created":1704163437920,"remoteIdentityKey":"BZrf1NxXj9d3FDJwS8cW+2rwAdgHVHpQHIFnBnnNbFxp"},"_chains":{"BagmPI4sAoupuMLXxjhAP2xeBz9LQUzpdvQbfB9pPxsh":{"chainKey":{"counter":1,"key":"P6iNm3aqbYvGMEuAUah+zmLyrqjBw8OVDyDszuiljl4="},"chainType":1,"messageKeys":{}}},"pendingPreKey":{"signedKeyId":1,"baseKey":"BewsE5KWTDJ729aNCQXjb3tWneAGR/aJZNEyNbUGVQ8D","preKeyId":90}}},"version":"v1"}