{"_sessions":{"BQ+x1vO8l5/ra4Olei6jbfGhNR5tR/lDScnYuGw4zdkq":{"registrationId":11425,"currentRatchet":{"ephemeralKeyPair":{"pubKey":"BZ7w6gYo7m43xAGn9wLr1D+bJheHWRNWrNwrC3CX98cJ","privKey":"OHnzPM8yi5NTiewH7PFG9KiRdG+cVBPQ4FBf/L+eDXI="},"lastRemoteEphemeralKey":"BQBYGmA/ODGsdWIho7MkvX2qetNguwS22mUvkXt0K6R5","previousCounter":0,"rootKey":"86FQjuC3q6S0fyu4EsftfzR66RidycIQW+HHgWTNqbE="},"indexInfo":{"baseKey":"BQ+x1vO8l5/ra4Olei6jbfGhNR5tR/lDScnYuGw4zdkq","baseKeyType":1,"closed":-1,"used":1704132688657,"created":1704132688657,"remoteIdentityKey":"BbCoxCaQJrI4kK1N2nDZFE/d1NimOgrZ0pjqDls5oVJj"},"_chains":{"BZ7w6gYo7m43xAGn9wLr1D+bJheHWRNWrNwrC3CX98cJ":{"chainKey":{"counter":8,"key":"hYXRmIaBVIbi3S9xgPzSEKhRXchifQuGXDtk3Bpa+3Q="},"chainType":1,"messageKeys":{}}},"pendingPreKey":{"signedKeyId":1,"baseKey":"BQ+x1vO8l5/ra4Olei6jbfGhNR5tR/lDScnYuGw4zdkq"}}},"version":"v1"}