{"_sessions":{"BSo0WK/yGj5ebsfR7tySRtxQ5nFs+10d1pRwSA+FHT8d":{"registrationId":1985454126,"currentRatchet":{"ephemeralKeyPair":{"pubKey":"BcacuoT+Je//7VxlK0XgmrrP8eJqKdag9xhr2tECMN8P","privKey":"eDlgtSVz/XISTjfZ5G3ITHUKYI26bMweh4gTK01g2lI="},"lastRemoteEphemeralKey":"BcuzDYlZaVyZtHylD4Ypa62yEhNezvk3EYWBn1yOf3Yr","previousCounter":0,"rootKey":"WO1VY5Ghxv1QhL7ibSwdAPbbwfnOuZOCknTNI3xyrbA="},"indexInfo":{"baseKey":"BSo0WK/yGj5ebsfR7tySRtxQ5nFs+10d1pRwSA+FHT8d","baseKeyType":1,"closed":-1,"used":1704163438025,"created":1704163438025,"remoteIdentityKey":"BaiM/ceS8xp3nSqXmms9Sp6O85PfnMxIdKvJTxte5/Up"},"_chains":{"BcacuoT+Je//7VxlK0XgmrrP8eJqKdag9xhr2tECMN8P":{"chainKey":{"counter":1,"key":"aMBoLUbswCtPUqopesUYFIWUbWtA5Sa7JIDt56c9O44="},"chainType":1,"messageKeys":{}}},"pendingPreKey":{"signedKeyId":0,"baseKey":"BSo0WK/yGj5ebsfR7tySRtxQ5nFs+10d1pRwSA+FHT8d","preKeyId":8166909}}},"version":"v1"}