{"_sessions":{"Baq9CoPsNJ0AXNNGZMWoTq36dJFoJduRGAZJlQYB0BUO":{"registrationId":631965168,"currentRatchet":{"ephemeralKeyPair":{"pubKey":"Bfy0sLWVcco8kULqzEDorZigXAnVxelQX4OlfceVphdL","privKey":"qGL2zmtuLHcTUt3yaVBEMxH16qKhq9qjHSca7837l2k="},"lastRemoteEphemeralKey":"BU1r+FhrJ2ElGhNoL1w0en3gZpf25uBhLK4s6D4dJY4e","previousCounter":0,"rootKey":"/COV4YT7wwoN4yP93cZ2aTxgrL0C+ClJ0c2SI7fDr4w="},"indexInfo":{"baseKey":"Baq9CoPsNJ0AXNNGZMWoTq36dJFoJduRGAZJlQYB0BUO","baseKeyType":1,"closed":-1,"used":1704163486038,"created":1704163486038,"remoteIdentityKey":"BXT+eQcF6+z4gyJWnvIRy+1+eSfiGXgxM8g76G3ZVClS"},"_chains":{"Bfy0sLWVcco8kULqzEDorZigXAnVxelQX4OlfceVphdL":{"chainKey":{"counter":1,"key":"E6m4D38+sMrbvByja87UUKLNLccHpY3lJYSYC5VQhlM="},"chainType":1,"messageKeys":{}}},"pendingPreKey":{"signedKeyId":0,"baseKey":"Baq9CoPsNJ0AXNNGZMWoTq36dJFoJduRGAZJlQYB0BUO","preKeyId":6467756}}},"version":"v1"}