{"_sessions":{"BUaooX74xQq9PqVcVJeAQ5qhfol8ZNL5tsU0gJ4Xa/18":{"registrationId":1499074498,"currentRatchet":{"ephemeralKeyPair":{"pubKey":"BcnNQ01POZO/kcmy1INQjB1Nn32CD9c+hvGr/Y3/rBwD","privKey":"yF3BxYukdQAKFh7gaxs/nzRtFGJVo7YOCznXz11mjFo="},"lastRemoteEphemeralKey":"BSQASEqEdujxcPHmTrzc9rab9XWVMq9ESJbGGq6+ji9a","previousCounter":0,"rootKey":"oMhU6225N9GKmyamLBRDXxg/5yV2teQXAluGXrHpZQE="},"indexInfo":{"baseKey":"BUaooX74xQq9PqVcVJeAQ5qhfol8ZNL5tsU0gJ4Xa/18","baseKeyType":1,"closed":-1,"used":1704163485818,"created":1704163485818,"remoteIdentityKey":"BdtbsCWDHTuT7iSQWQrsrMmMEO70ciepKYnMuz2pu0Zy"},"_chains":{"BcnNQ01POZO/kcmy1INQjB1Nn32CD9c+hvGr/Y3/rBwD":{"chainKey":{"counter":1,"key":"zDhnM1TE/ZFeZWRfCgR74hTfOr1VUe+8Sz9Ev7dOyUI="},"chainType":1,"messageKeys":{}}},"pendingPreKey":{"signedKeyId":24,"baseKey":"BUaooX74xQq9PqVcVJeAQ5qhfol8ZNL5tsU0gJ4Xa/18","preKeyId":10117848}}},"version":"v1"}