{"_sessions":{"BVsWjLBUZjRO8Zkj0tUMaKPeDss9ZxV4eLyepklI0MJ+":{"registrationId":294106417,"currentRatchet":{"ephemeralKeyPair":{"pubKey":"BcaVqr8qlyvBk26ZPJqSGgVNMEBy7nSq1uEjbWXcOfFk","privKey":"YIBXINtOGHjtSxR6Gg8HLjAeF5sKLz+iLctnt7CTMn8="},"lastRemoteEphemeralKey":"BTXX8De1dZW28ewr2uyv8WIGhAsi+lnAu6nsE9mmMVQw","previousCounter":0,"rootKey":"gYyj/T2LNzQB/IdAPQo9HgsJKMEWPF/vWNbWcvgriY8="},"indexInfo":{"baseKey":"BVsWjLBUZjRO8Zkj0tUMaKPeDss9ZxV4eLyepklI0MJ+","baseKeyType":1,"closed":-1,"used":1704163486042,"created":1704163486042,"remoteIdentityKey":"BWMcbqK75XQWnZbh5F/dIfyvC8YMw9t6RDxY78R2rgN2"},"_chains":{"BcaVqr8qlyvBk26ZPJqSGgVNMEBy7nSq1uEjbWXcOfFk":{"chainKey":{"counter":1,"key":"W4MjiC/O2ivaZPPG5sYaGkebenta0tY5OAII4gEno94="},"chainType":1,"messageKeys":{}}},"pendingPreKey":{"signedKeyId":0,"baseKey":"BVsWjLBUZjRO8Zkj0tUMaKPeDss9ZxV4eLyepklI0MJ+","preKeyId":9812877}}},"version":"v1"}