{"_sessions":{"BZT1GqVntcDXOZYmijYVyA6W3s1TyehUVCWxbTltyCBE":{"registrationId":210,"currentRatchet":{"ephemeralKeyPair":{"pubKey":"BSl9xAB5/hjs2L8a/x1pF33Dhxirrql7eOJig5iaGfMK","privKey":"kC/JpPIk3TG3Au5zXz+VzfGFIuLCI6Ui77grPwl22X0="},"lastRemoteEphemeralKey":"BSmg8giuTPC3DoOX3NuUOLH/Flk5le+k3eWuYY/HoRUa","previousCounter":0,"rootKey":"X6AYAEG6QweLu87PUahtYXay4yplX1j4B3LELzIIVKc="},"indexInfo":{"baseKey":"BZT1GqVntcDXOZYmijYVyA6W3s1TyehUVCWxbTltyCBE","baseKeyType":1,"closed":-1,"used":1704163485727,"created":1704163485727,"remoteIdentityKey":"BYhvIrrYiegpqy+56YuVVmZ/HP55DuFX9yqgDOr8CoZW"},"_chains":{"BSl9xAB5/hjs2L8a/x1pF33Dhxirrql7eOJig5iaGfMK":{"chainKey":{"counter":1,"key":"Bsjz7YCx3o5v5cJQumM3Ak09/gn2ozRZLgqP0oD0Dz4="},"chainType":1,"messageKeys":{}}},"pendingPreKey":{"signedKeyId":1,"baseKey":"BZT1GqVntcDXOZYmijYVyA6W3s1TyehUVCWxbTltyCBE","preKeyId":540}}},"version":"v1"}