{"_sessions":{"BR+RDdSOuiNr6JfwAA1AnP7yjzq+p9cLBbBelqCcBlEG":{"registrationId":1862525593,"currentRatchet":{"ephemeralKeyPair":{"pubKey":"BYVARwvpoRwp143s1HEQh4nviYsZT6xt2V9z6VjMoDkh","privKey":"6KItuguyPz8uBSX7008WSXseNOQY0VQnoiIBuDEo41c="},"lastRemoteEphemeralKey":"BUwgxl8JhYdjuyLYymTgxL/5QOXYwmNUjBvOmLAWyMdm","previousCounter":0,"rootKey":"4DVTHBkz4msK4DLU/+vqjD+rCC3r0NqqyqkK9sSBbYQ="},"indexInfo":{"baseKey":"BR+RDdSOuiNr6JfwAA1AnP7yjzq+p9cLBbBelqCcBlEG","baseKeyType":1,"closed":-1,"used":1704163486052,"created":1704163486052,"remoteIdentityKey":"BUB2TiWC1uX6dW1+BHHbfAiw/P8aOchaEPaLtGBM7SdR"},"_chains":{"BYVARwvpoRwp143s1HEQh4nviYsZT6xt2V9z6VjMoDkh":{"chainKey":{"counter":1,"key":"4pIBWmOQkzdtI6K8hv38fr5iTAC7pnxCzoXduXkTGtc="},"chainType":1,"messageKeys":{}}},"pendingPreKey":{"signedKeyId":1,"baseKey":"BR+RDdSOuiNr6JfwAA1AnP7yjzq+p9cLBbBelqCcBlEG","preKeyId":2723785}}},"version":"v1"}