{"_sessions":{"BbdpQyhkmEVyjN2/k+I6XehAJyK80wp3a87K0O/cayIb":{"registrationId":2004062865,"currentRatchet":{"ephemeralKeyPair":{"pubKey":"BahgPESeUd8N+l5NCnjG5WOeo+PJQ/vCZUD4Exak0U1M","privKey":"8CuJivJai7dqKDflfp3F19n/+oYqoVvdzTExFFankVQ="},"lastRemoteEphemeralKey":"BQ0ZWag0SMwOk6aFCqHWrt8qoVhbi4z4sLQ+cTYvPahm","previousCounter":0,"rootKey":"JJKbBR8CeRDE1NXiXgTImqJmE2I3S1lgHGuBxs8mmbM="},"indexInfo":{"baseKey":"BbdpQyhkmEVyjN2/k+I6XehAJyK80wp3a87K0O/cayIb","baseKeyType":1,"closed":-1,"used":1704132688737,"created":1704132688737,"remoteIdentityKey":"BQWjgKt2cQiVPa/1ciNXd9qvdMG/SrY8NK1GDumKNIx8"},"_chains":{"BahgPESeUd8N+l5NCnjG5WOeo+PJQ/vCZUD4Exak0U1M":{"chainKey":{"counter":8,"key":"AX12u7ddxIwSt7pcsYvaeCN+k20ysSUIyRHk5GeF6kU="},"chainType":1,"messageKeys":{}}},"pendingPreKey":{"signedKeyId":24,"baseKey":"BbdpQyhkmEVyjN2/k+I6XehAJyK80wp3a87K0O/cayIb","preKeyId":2096166}}},"version":"v1"}