{"_sessions":{"BaqVmfPPxv0KCFFqq9ADUJaD2PiNzLp6Ew3DxsEFV/cS":{"registrationId":272084044,"currentRatchet":{"ephemeralKeyPair":{"pubKey":"BUFM2K/VPa8Bba5Q1uzfNHrCfGjRZzF4nQG/778i318U","privKey":"CDh+LEKYWSefl3KdbIUQQ2XjZXwrxNL5iP9TO+14s0c="},"lastRemoteEphemeralKey":"BcgzQLWERgDfg8XK9VcspbQCuVsf2GjwOTKdaqXSHlFr","previousCounter":0,"rootKey":"R0CBpzjTH/bg4C/X6eXGmLwOrtGAFKr9HvW9SDKSWrQ="},"indexInfo":{"baseKey":"BaqVmfPPxv0KCFFqq9ADUJaD2PiNzLp6Ew3DxsEFV/cS","baseKeyType":1,"closed":-1,"used":1704132689025,"created":1704132689025,"remoteIdentityKey":"BabSqT/6jLhF/OBNY2OT3GuzGSLqPD+mXdXrmEObhl5P"},"_chains":{"BUFM2K/VPa8Bba5Q1uzfNHrCfGjRZzF4nQG/778i318U":{"chainKey":{"counter":10,"key":"E2g23YSYpEj/9UPl4ARJ32xcgissz5ATMjFscSqbSeA="},"chainType":1,"messageKeys":{}}},"pendingPreKey":{"signedKeyId":3,"baseKey":"BaqVmfPPxv0KCFFqq9ADUJaD2PiNzLp6Ew3DxsEFV/cS","preKeyId":6499107}}},"version":"v1"}