{"_sessions":{"BQuPIA7sl+Dag4QFKio2pcKdVyouEH02rRpkgaoDZDQR":{"registrationId":1347715443,"currentRatchet":{"ephemeralKeyPair":{"pubKey":"BV7i8iykIW5MteeEHSCZiyx776L1dofvTDFz7WWInrR6","privKey":"oM0A8woYl/P+ATqST4Ff6nT6Pbp4lRLVubmg20WGlnc="},"lastRemoteEphemeralKey":"BRFhcNZb4MmqzilyYZsNaVAZCNk4+iSGwb4jDry66b41","previousCounter":0,"rootKey":"D84rRRAWih3PnZS5rrgRnnDaexHFW7fj+m6fzgi7/Oo="},"indexInfo":{"baseKey":"BQuPIA7sl+Dag4QFKio2pcKdVyouEH02rRpkgaoDZDQR","baseKeyType":1,"closed":-1,"used":1704163485946,"created":1704163485946,"remoteIdentityKey":"Bc1p5G01fIF/51h+z1XvURE/GW+03++vXKa+whXU+N4x"},"_chains":{"BV7i8iykIW5MteeEHSCZiyx776L1dofvTDFz7WWInrR6":{"chainKey":{"counter":1,"key":"FsIBYW70Y7WGCNtgRkUhFH2Uv3IU4HopfsIFoYFEVpw="},"chainType":1,"messageKeys":{}}},"pendingPreKey":{"signedKeyId":17,"baseKey":"BQuPIA7sl+Dag4QFKio2pcKdVyouEH02rRpkgaoDZDQR","preKeyId":7290617}}},"version":"v1"}