{"_sessions":{"BQm76tNiFJokhek+SMD2/BA+7D/TzwNQRX9D7LdM7xYK":{"registrationId":618387158,"currentRatchet":{"ephemeralKeyPair":{"pubKey":"BaAK/a5l8i9JzSMGKD6NDe2xXqNlKMDGMn4CZqdtlxkM","privKey":"UH4i2u7RrTeYziLyd0d7lygiGY0X2yRmRadKnbN0NXI="},"lastRemoteEphemeralKey":"BQS9DwIRsElWzSSgbJAjqKXDtxkG6cKh+fNU3me9rOgr","previousCounter":0,"rootKey":"Yy9haTvMCQWXAHDkMyp/Un84sorTVGO9DJ5ofTSSrvU="},"indexInfo":{"baseKey":"BQm76tNiFJokhek+SMD2/BA+7D/TzwNQRX9D7LdM7xYK","baseKeyType":1,"closed":-1,"used":1704163437950,"created":1704163437950,"remoteIdentityKey":"Bdol/KAcuJoBHX5Kg6dNlX+xa8yLOTm6DWEiJ5PM5nte"},"_chains":{"BaAK/a5l8i9JzSMGKD6NDe2xXqNlKMDGMn4CZqdtlxkM":{"chainKey":{"counter":1,"key":"kdVc9GbYBRXkJaFp8bTy8xJ04YqMpVN4d5piMncnDSc="},"chainType":1,"messageKeys":{}}},"pendingPreKey":{"signedKeyId":1,"baseKey":"BQm76tNiFJokhek+SMD2/BA+7D/TzwNQRX9D7LdM7xYK","preKeyId":86205}}},"version":"v1"}