{"_sessions":{"BYi66PLVOqpaEn1VuIUjX0U8QTKytMplTq3ZGFYrTQF5":{"registrationId":1132683838,"currentRatchet":{"ephemeralKeyPair":{"pubKey":"BbFcJCO+CKCLleNgunibTs0yRVF+X8uJl7eEjNR5WD4x","privKey":"GGQDXgXcA9+o8+rDaE6GWEdaY/N9zW0dRDUjSUNZtUw="},"lastRemoteEphemeralKey":"BYdcY0h7k6Vb7JgKG3FLFsZGhJyuEumlCMy4OgJYXlMi","previousCounter":0,"rootKey":"EIiSQzmp9pvAQXCNorqLeAiWd9AE/MOgJu1POHPrYLM="},"indexInfo":{"baseKey":"BYi66PLVOqpaEn1VuIUjX0U8QTKytMplTq3ZGFYrTQF5","baseKeyType":1,"closed":-1,"used":1704163437958,"created":1704163437958,"remoteIdentityKey":"BXYWqqRndvSVAuTUytcrXKIHd5KeG506HrJDvFa+CPMA"},"_chains":{"BbFcJCO+CKCLleNgunibTs0yRVF+X8uJl7eEjNR5WD4x":{"chainKey":{"counter":1,"key":"gVrZqqkJu+KYy52m73WYawye1k+DSS3J89QRKo8VYjc="},"chainType":1,"messageKeys":{}}},"pendingPreKey":{"signedKeyId":0,"baseKey":"BYi66PLVOqpaEn1VuIUjX0U8QTKytMplTq3ZGFYrTQF5","preKeyId":5834079}}},"version":"v1"}