{"_sessions":{"BRWoEPPpPIGrJgBpJgbPcDrpydHKZ5aUBO+YAApP8X57":{"registrationId":1640104100,"currentRatchet":{"ephemeralKeyPair":{"pubKey":"BbQ6IfR7RXWTtTqy9btOMbkBXDUQn70sy1XPjlH+K5wo","privKey":"oGYkIw+m3D96aykIcv2ye5u2xiDuSDJnXOVBCqd/9mk="},"lastRemoteEphemeralKey":"Bfjjoo0jhlaRp+n1Ejm7BhrPIJY97suDEiJyDKdvN/dJ","previousCounter":0,"rootKey":"PxmTd2kZDsKbMdw5jVjrjPkSgKP4LLCArcnGkXPXdP4="},"indexInfo":{"baseKey":"BRWoEPPpPIGrJgBpJgbPcDrpydHKZ5aUBO+YAApP8X57","baseKeyType":1,"closed":-1,"used":1704132688865,"created":1704132688865,"remoteIdentityKey":"BWhbyR8VwnHMjetqCrXyh7AJakGQM4TtcScUlmx7dP1A"},"_chains":{"BbQ6IfR7RXWTtTqy9btOMbkBXDUQn70sy1XPjlH+K5wo":{"chainKey":{"counter":8,"key":"xcb6eeb0MMfxQ20440ieDeond68osULX4/aQyMYKKas="},"chainType":1,"messageKeys":{}}},"pendingPreKey":{"signedKeyId":0,"baseKey":"BRWoEPPpPIGrJgBpJgbPcDrpydHKZ5aUBO+YAApP8X57","preKeyId":3457496}}},"version":"v1"}