{"_sessions":{"BYpH0VV5315VJ/8r9syhd9IlzqhCUiFSdlC6gRtkz+IP":{"registrationId":859,"currentRatchet":{"ephemeralKeyPair":{"pubKey":"BWtA5LnaVeWdwo9yMaqVZsn/WqUe22xqCe0XxiPHkb8o","privKey":"sCvYjUr8UUTd3aYQgfek38MnbCR8GdPdTrfr1GsA6VY="},"lastRemoteEphemeralKey":"BTQaPnBKDB71h4ZeF/yBN7nxLr/yCvAEMjQKuzSunQ9z","previousCounter":0,"rootKey":"5cztZiGNMkPZw1iNXTymZPlW+0LCF7C7kB9uZbp6ykc="},"indexInfo":{"baseKey":"BYpH0VV5315VJ/8r9syhd9IlzqhCUiFSdlC6gRtkz+IP","baseKeyType":1,"closed":-1,"used":1704163485729,"created":1704163485729,"remoteIdentityKey":"BRoxGKARx96IDcVUbi06OHWK13mpfG5S0ZNFD9kRcBAu"},"_chains":{"BWtA5LnaVeWdwo9yMaqVZsn/WqUe22xqCe0XxiPHkb8o":{"chainKey":{"counter":1,"key":"APd/UWnWmmBWOBdfIE72sHr816kMryXl5yDGFRQLBs0="},"chainType":1,"messageKeys":{}}},"pendingPreKey":{"signedKeyId":1,"baseKey":"BYpH0VV5315VJ/8r9syhd9IlzqhCUiFSdlC6gRtkz+IP"}}},"version":"v1"}