{"_sessions":{"BV9L4ve+A3yv0Wstvy/1n3en2Mcnkoiqlu27HMUP3eQp":{"registrationId":354171019,"currentRatchet":{"ephemeralKeyPair":{"pubKey":"BXefSrdJBHV6ryIwLV5T4oRPmKm0+xnLO0gcZsrlcltu","privKey":"uCMSNzfhnrGer6jn5v/eFWOAkkim7UZpdsbgpTXzQ2k="},"lastRemoteEphemeralKey":"Bf+BFkb2l7vVYFryBeN3Gaotxg9Ga2lTPyHrN+GY680o","previousCounter":0,"rootKey":"Mp8aMGLwLJUxxe0fJ6pSDzZTK0O7jmaofRIzhv8hNu4="},"indexInfo":{"baseKey":"BV9L4ve+A3yv0Wstvy/1n3en2Mcnkoiqlu27HMUP3eQp","baseKeyType":1,"closed":-1,"used":1704163485841,"created":1704163485841,"remoteIdentityKey":"Bc/sphwRpDyPx1E8ovHqqhSHjjPMLBiy0vcWEJP5F+p4"},"_chains":{"BXefSrdJBHV6ryIwLV5T4oRPmKm0+xnLO0gcZsrlcltu":{"chainKey":{"counter":1,"key":"6B6PsQR5d1Rn3vdjL8TpchM32O6ZYDzltHoBZT3xXvw="},"chainType":1,"messageKeys":{}}},"pendingPreKey":{"signedKeyId":0,"baseKey":"BV9L4ve+A3yv0Wstvy/1n3en2Mcnkoiqlu27HMUP3eQp","preKeyId":4557124}}},"version":"v1"}