{"_sessions":{"BYIpxBmX3I80EiL+LEZRG/lJCydprb79UVB9JvTuLX5R":{"registrationId":1275017711,"currentRatchet":{"ephemeralKeyPair":{"pubKey":"BUgT77Fn9gtlW9s1OKKaGuOePRZi37c+oKm0kJWMMstg","privKey":"GIcdKkITnw63aSEdITG7VD1XUAtsAkw95ThVoYlxmks="},"lastRemoteEphemeralKey":"BYQeWGbM/GgB2FHrtEMcmG4XpgPrEyNd7IA/gkYayEhs","previousCounter":0,"rootKey":"I/jiLxaSiGbS5g9qMu/H6zThLLEMtwIrBt8hNKi0yuo="},"indexInfo":{"baseKey":"BYIpxBmX3I80EiL+LEZRG/lJCydprb79UVB9JvTuLX5R","baseKeyType":1,"closed":-1,"used":1704132688827,"created":1704132688827,"remoteIdentityKey":"BWv772G1ZLAQ/2JSc+QLNlWplzFUAg8xhDeAPawOM58X"},"_chains":{"BUgT77Fn9gtlW9s1OKKaGuOePRZi37c+oKm0kJWMMstg":{"chainKey":{"counter":8,"key":"Lih+kOcLZnJtmr6FL9VWPt5YCwLbw0t6zo4WvLUVX9U="},"chainType":1,"messageKeys":{}}},"pendingPreKey":{"signedKeyId":2,"baseKey":"BYIpxBmX3I80EiL+LEZRG/lJCydprb79UVB9JvTuLX5R","preKeyId":10629754}}},"version":"v1"}