{"_sessions":{"BT6YsXntiO9Fi4NjvBLjHLYgZtTyaGXAJce1FQIO4CtO":{"registrationId":1985454126,"currentRatchet":{"ephemeralKeyPair":{"pubKey":"BdhLYaVhx25XvryNYjnU8n49VwPq48C1/B55Y/CcDzxT","privKey":"8OgIwZE6J78XyBxjYHgoQdE6N5EoNJxKd54lUaxGT18="},"lastRemoteEphemeralKey":"BcuzDYlZaVyZtHylD4Ypa62yEhNezvk3EYWBn1yOf3Yr","previousCounter":0,"rootKey":"+VP6JMS1Jn9j0e+nNAfAds1Tlr1kZdi/DBClAmbPCUM="},"indexInfo":{"baseKey":"BT6YsXntiO9Fi4NjvBLjHLYgZtTyaGXAJce1FQIO4CtO","baseKeyType":1,"closed":-1,"used":1704163438033,"created":1704163438033,"remoteIdentityKey":"BaiM/ceS8xp3nSqXmms9Sp6O85PfnMxIdKvJTxte5/Up"},"_chains":{"BdhLYaVhx25XvryNYjnU8n49VwPq48C1/B55Y/CcDzxT":{"chainKey":{"counter":1,"key":"tbjUGxuKJSVlO6jNzIyCePlCBCid1rXjJ0Npv3eaOVo="},"chainType":1,"messageKeys":{}}},"pendingPreKey":{"signedKeyId":0,"baseKey":"BT6YsXntiO9Fi4NjvBLjHLYgZtTyaGXAJce1FQIO4CtO","preKeyId":8167669}}},"version":"v1"}