{"_sessions":{"BXUzWn4O/u1r+Dpxx15qhPdiHzEt5i806/ZN2iQ+7yYg":{"registrationId":494022553,"currentRatchet":{"ephemeralKeyPair":{"pubKey":"BeA1iUN0nkukr4DO9fQIJrhLfVBZ2pqS4cnx4+fWyVEG","privKey":"aF991kX1TmLpVsuGbVk01Vli+R2SrcNXbUfIsAl78H0="},"lastRemoteEphemeralKey":"BSURF2/ecRmRjaKqUSKGA0t1MsN4rTypJavZQ+qZXTJn","previousCounter":0,"rootKey":"gmkQGt8zDYvpQPETIBed8RbZZC4hbgEzYnQRFa7eON0="},"indexInfo":{"baseKey":"BXUzWn4O/u1r+Dpxx15qhPdiHzEt5i806/ZN2iQ+7yYg","baseKeyType":1,"closed":-1,"used":1704132688948,"created":1704132688948,"remoteIdentityKey":"BQkfEHwz9mKFQcR8BcnIDeJBeSOnCj2uQ1n34FJtzjNf"},"_chains":{"BeA1iUN0nkukr4DO9fQIJrhLfVBZ2pqS4cnx4+fWyVEG":{"chainKey":{"counter":10,"key":"P/eQJDgQvqLeVohKUIYTwAH2o2hzqKZc9TUzvdyreAs="},"chainType":1,"messageKeys":{}}},"pendingPreKey":{"signedKeyId":12,"baseKey":"BXUzWn4O/u1r+Dpxx15qhPdiHzEt5i806/ZN2iQ+7yYg","preKeyId":2679123}}},"version":"v1"}