{"_sessions":{"Ba8t7FT525l/G88Uxch6UUcjz0suBGVL1FcPjHjvR8Rv":{"registrationId":533702538,"currentRatchet":{"ephemeralKeyPair":{"pubKey":"BUb8wscdwQLm5/Ch/Caa5B97jZqiO7PnYsOWF0WIPzgT","privKey":"uNgALa+rBx/GdKGW/6sC8GnrjV48NNPn3G0YS150BVI="},"lastRemoteEphemeralKey":"BVq04qZMCQrjiUXvkDjVVmp+dzlYER/Bfbo3+PpsJBgB","previousCounter":0,"rootKey":"IcUgquwIfc5mRxEP7kBF1niwDrt65nweNuilDzHNmV4="},"indexInfo":{"baseKey":"Ba8t7FT525l/G88Uxch6UUcjz0suBGVL1FcPjHjvR8Rv","baseKeyType":1,"closed":-1,"used":1704163485917,"created":1704163485917,"remoteIdentityKey":"BdE/k/Qymx7v5qir70RympUrNJ9AleEkAp3ZbvXx0aF+"},"_chains":{"BUb8wscdwQLm5/Ch/Caa5B97jZqiO7PnYsOWF0WIPzgT":{"chainKey":{"counter":1,"key":"eCtqBMkIB9fdpGqgiSNuCVL2+vYceSFxU211sh/qx3Y="},"chainType":1,"messageKeys":{}}},"pendingPreKey":{"signedKeyId":6,"baseKey":"Ba8t7FT525l/G88Uxch6UUcjz0suBGVL1FcPjHjvR8Rv","preKeyId":11642105}}},"version":"v1"}