{"_sessions":{"BfHIb+/cNqfcYDPmV+B0XdMi2IWoQiMti/1qK1QHodpl":{"registrationId":332568998,"currentRatchet":{"ephemeralKeyPair":{"pubKey":"BbcdaAyMAYUTRi6QCudlM0cjB5fgWXMlmO9+6VfVTzRB","privKey":"uH2smqXpJhTifVuZMADN0MylhDSOOB1hyOq6RUAarEU="},"lastRemoteEphemeralKey":"BaVSrTUKxtJmDAOAlCALnLolGq89YEKCY1qyxOhF/Yc8","previousCounter":0,"rootKey":"A4xw5MQvKwigE3eZl6uAmXFOT35Be58thQUryHs0Bgg="},"indexInfo":{"baseKey":"BfHIb+/cNqfcYDPmV+B0XdMi2IWoQiMti/1qK1QHodpl","baseKeyType":1,"closed":-1,"used":1704163485763,"created":1704163485763,"remoteIdentityKey":"BQNOE8esXTcrT5lxhSEmp679GPG4yXEAlB3AB35HH0wU"},"_chains":{"BbcdaAyMAYUTRi6QCudlM0cjB5fgWXMlmO9+6VfVTzRB":{"chainKey":{"counter":1,"key":"Q1V1LFvFc6THs5d3S0hlJikdvnlLFz0GKHnekw6PBto="},"chainType":1,"messageKeys":{}}},"pendingPreKey":{"signedKeyId":3,"baseKey":"BfHIb+/cNqfcYDPmV+B0XdMi2IWoQiMti/1qK1QHodpl","preKeyId":3384202}}},"version":"v1"}