{"_sessions":{"BX9SJfD8/XM/2yCeWAZx93BfzR3A/nLNk1MGKYgBhAkj":{"registrationId":1793100471,"currentRatchet":{"ephemeralKeyPair":{"pubKey":"BV7WdoG7xw423yA44F4EJHZv/RtRQ4gzH4mrtJg08y4j","privKey":"WJyJmkgjfOnam+UA9A8sssM0+ViS9+Nm/S1JFzN5w3o="},"lastRemoteEphemeralKey":"BYRmdM8x3RSvUC+w3Gd+OQ9QTwvmOZp10ytbFNndjcdl","previousCounter":0,"rootKey":"Hf9dc7ifcQzXYwp+rVd2oGd41BKJFeAJVbUJ7DJLJg4="},"indexInfo":{"baseKey":"BX9SJfD8/XM/2yCeWAZx93BfzR3A/nLNk1MGKYgBhAkj","baseKeyType":1,"closed":-1,"used":1704163485752,"created":1704163485752,"remoteIdentityKey":"BX17hf2zeMx9kbShCrU9PXUPKbTvopsJ2HVFq33gXdAl"},"_chains":{"BV7WdoG7xw423yA44F4EJHZv/RtRQ4gzH4mrtJg08y4j":{"chainKey":{"counter":1,"key":"FE4VMNSGp6z3hR//2rpMwmLKSqzsqtIggShwwL927+U="},"chainType":1,"messageKeys":{}}},"pendingPreKey":{"signedKeyId":6,"baseKey":"BX9SJfD8/XM/2yCeWAZx93BfzR3A/nLNk1MGKYgBhAkj","preKeyId":3102652}}},"version":"v1"}