{"_sessions":{"BYDP4Fa1MYwCCrE2GJzqAmxnGJr5mMRX8+v+VEpPeBp2":{"registrationId":212246441,"currentRatchet":{"ephemeralKeyPair":{"pubKey":"BYk8VFUGdVlcr6kPe0L3C4S5HySl4YdijMNCOQzZIJkJ","privKey":"yAwuEZLX9Ppasms3ywKE7S8QVdyDcGh9/t58r6/RZls="},"lastRemoteEphemeralKey":"BQ4QhK5UYTi6L3DyLInXNl32OR6yi6wSBF5dGuhKsSZ3","previousCounter":0,"rootKey":"YQL7os/DtHkywD8TimKhxgP6dyoXt0cQv9JZeNkEfyY="},"indexInfo":{"baseKey":"BYDP4Fa1MYwCCrE2GJzqAmxnGJr5mMRX8+v+VEpPeBp2","baseKeyType":1,"closed":-1,"used":1704163485931,"created":1704163485931,"remoteIdentityKey":"BTZRnKIKaVA7I13fo6IJOF20JOzFxHU3kSa8S6Gy0WVY"},"_chains":{"BYk8VFUGdVlcr6kPe0L3C4S5HySl4YdijMNCOQzZIJkJ":{"chainKey":{"counter":1,"key":"3EktlcHe8FUNfqnlxK5NYzh31G9sbwty+VuLll+xKS4="},"chainType":1,"messageKeys":{}}},"pendingPreKey":{"signedKeyId":5,"baseKey":"BYDP4Fa1MYwCCrE2GJzqAmxnGJr5mMRX8+v+VEpPeBp2","preKeyId":4787584}}},"version":"v1"}