{"_sessions":{"Bb3IU9Ugc/xxw9xvjeb57W1FrFuMHxrXib/+n0nSF816":{"registrationId":1725879338,"currentRatchet":{"ephemeralKeyPair":{"pubKey":"BfYOAb2k6WdPkTfwilhmqirYckZGc1aiCbEO3AxyP0lz","privKey":"sJalmkHNMQ0apfWEFNKWqG6LdAvM6w8Sh1hrOKS/dUg="},"lastRemoteEphemeralKey":"Ba33iBlF1RQYl3Zkus9rJ8W5zFK+FrJ6icxwKV0PXARQ","previousCounter":0,"rootKey":"5dTd92/L5d8pQQu4rXlZ+V2PUywuU01+mq7VBkCyuy8="},"indexInfo":{"baseKey":"Bb3IU9Ugc/xxw9xvjeb57W1FrFuMHxrXib/+n0nSF816","baseKeyType":1,"closed":-1,"used":1704132688755,"created":1704132688755,"remoteIdentityKey":"BfHIzdT+7esnEo8Zf2L1fdEglYdh8nXuadocb2IKqX4K"},"_chains":{"BfYOAb2k6WdPkTfwilhmqirYckZGc1aiCbEO3AxyP0lz":{"chainKey":{"counter":8,"key":"ymeThVWj/bcbAXNpPBjjIh7NzW0O6JRY7IYBf7V/axE="},"chainType":1,"messageKeys":{}}},"pendingPreKey":{"signedKeyId":16,"baseKey":"Bb3IU9Ugc/xxw9xvjeb57W1FrFuMHxrXib/+n0nSF816","preKeyId":11112129}}},"version":"v1"}