{"_sessions":{"BS2WbCnP2tF28w7FQzjtzUcoKq8TkLnIuToG+euSXyts":{"registrationId":519774946,"currentRatchet":{"ephemeralKeyPair":{"pubKey":"BdeV3We9OzSUDwgKoW45yELkihWuvVgZf8ekBGQ7M/sz","privKey":"2P3+NiIh1hhMuWe622kyQ7n2Reu4c4eA3WhS3EWoyGk="},"lastRemoteEphemeralKey":"Bc+5Y4w8ImM241+q/cDDS1ewCo9uJa0EEydz8Hyn4UED","previousCounter":0,"rootKey":"ByA46XHgOcWsCCBzTB+wTsFnMcR8aeL3INjivrW0C5Q="},"indexInfo":{"baseKey":"BS2WbCnP2tF28w7FQzjtzUcoKq8TkLnIuToG+euSXyts","baseKeyType":1,"closed":-1,"used":1704163485823,"created":1704163485823,"remoteIdentityKey":"BXi7iwxjwDGzsBZMt9Riu2SV0D0OX39NgmU+c59k31Yr"},"_chains":{"BdeV3We9OzSUDwgKoW45yELkihWuvVgZf8ekBGQ7M/sz":{"chainKey":{"counter":1,"key":"PJ6WH6lffTzjQxv4jN2oS2XtoRPio8OiDSQgVqoJ8CA="},"chainType":1,"messageKeys":{}}},"pendingPreKey":{"signedKeyId":36,"baseKey":"BS2WbCnP2tF28w7FQzjtzUcoKq8TkLnIuToG+euSXyts","preKeyId":16656656}}},"version":"v1"}