{"_sessions":{"BahDDh2/v6klamP89Iozem7mPqSBM75gPA5MC1RhQ9d4":{"registrationId":1985454126,"currentRatchet":{"ephemeralKeyPair":{"pubKey":"Bewhespfj5UJM8IylbJ4JD6J+vcpVCwas93MHI0Se8B/","privKey":"gHGTYLc9b8JZimbQWVNySY/ATv+C7Sp8eVUIWqon0mY="},"lastRemoteEphemeralKey":"BYGpHWEv2FaVW2UDGOXicrVOhl7Pl9x9bnP/deVLSE9n","previousCounter":0,"rootKey":"C/rDgU+ZJkn7xtFzvd8HwgnS+8W+244QFfHRN7oyk3w="},"indexInfo":{"baseKey":"BahDDh2/v6klamP89Iozem7mPqSBM75gPA5MC1RhQ9d4","baseKeyType":1,"closed":-1,"used":1704163438030,"created":1704163438030,"remoteIdentityKey":"BaiM/ceS8xp3nSqXmms9Sp6O85PfnMxIdKvJTxte5/Up"},"_chains":{"Bewhespfj5UJM8IylbJ4JD6J+vcpVCwas93MHI0Se8B/":{"chainKey":{"counter":1,"key":"RviHfQVVLOGhMHpCebz87ODlL48Ng4lk8ENC+Z44hTo="},"chainType":1,"messageKeys":{}}},"pendingPreKey":{"signedKeyId":1,"baseKey":"BahDDh2/v6klamP89Iozem7mPqSBM75gPA5MC1RhQ9d4","preKeyId":8170090}}},"version":"v1"}