{"_sessions":{"BXDXOIcaWNQoj76tfQPAtD20a3YoySNmvI65RYtD6/pi":{"registrationId":1437516587,"currentRatchet":{"ephemeralKeyPair":{"pubKey":"BYa/UvLlhtF7bpXfj0gjPZKGElYx/O8yCRoCmRTj+5dG","privKey":"QK8swPRM6pY7UajzeO1skpQZsuOX2VTHWaIsuMA0HWM="},"lastRemoteEphemeralKey":"BR+v4W37zm1Obzq7D6veofPswyT1KlUt6fQN3PWGN0da","previousCounter":0,"rootKey":"0PTRqhnL1rymzy9CsdAgxy4HbYBQ2Pyo1vZdjzri/q8="},"indexInfo":{"baseKey":"BXDXOIcaWNQoj76tfQPAtD20a3YoySNmvI65RYtD6/pi","baseKeyType":1,"closed":-1,"used":1704163485656,"created":1704163485656,"remoteIdentityKey":"BeO+dFdSEEmIs3Rcn2mXkEUw/i+iAu91l2XK3N9UIVUl"},"_chains":{"BYa/UvLlhtF7bpXfj0gjPZKGElYx/O8yCRoCmRTj+5dG":{"chainKey":{"counter":1,"key":"pwtuypcERrS/JQ0CAyxxBWV6lZBYh+BnnvXGnIVGi7s="},"chainType":1,"messageKeys":{}}},"pendingPreKey":{"signedKeyId":2,"baseKey":"BXDXOIcaWNQoj76tfQPAtD20a3YoySNmvI65RYtD6/pi","preKeyId":6805907}}},"version":"v1"}