{"_sessions":{"BS3027X0kVT14gM3zgxjru9p9vJ9Wcho5oeK58grw0p1":{"registrationId":554702445,"currentRatchet":{"ephemeralKeyPair":{"pubKey":"Basvez3HrmvG1IjHLsgPWW6LNwn0RVhyjkfEXH8gN6cC","privKey":"KDF5so0rqrZVGz9eXdRiskbECquRIyvAiXxxlqPfX1Y="},"lastRemoteEphemeralKey":"BQl7qKgr/Wv9B3tSoXVTBelCQrVWKafi8LIxz2mNaMVt","previousCounter":0,"rootKey":"Ct3Z99Lh5I7VHZSf9ykXJg4WIhmxmgTa02e1aqrfkdw="},"indexInfo":{"baseKey":"BS3027X0kVT14gM3zgxjru9p9vJ9Wcho5oeK58grw0p1","baseKeyType":1,"closed":-1,"used":1704132689043,"created":1704132689043,"remoteIdentityKey":"BRmrmR8IPnxvV3nCvTwcqQtFhs2+O0Yf3av0OkZFHslk"},"_chains":{"Basvez3HrmvG1IjHLsgPWW6LNwn0RVhyjkfEXH8gN6cC":{"chainKey":{"counter":8,"key":"vYVhhXpnHW0pwzbSUBEq6IcEveLg0KsRC9/RSodnPF8="},"chainType":1,"messageKeys":{}}},"pendingPreKey":{"signedKeyId":6,"baseKey":"BS3027X0kVT14gM3zgxjru9p9vJ9Wcho5oeK58grw0p1","preKeyId":3522084}}},"version":"v1"}