{"_sessions":{"Bb6a3V8VnGb5sfFUdNugExvoC3rV9BpvAZJIwn1Lq7tv":{"registrationId":1661156279,"currentRatchet":{"ephemeralKeyPair":{"pubKey":"BQW5Cb6WYDDy1H9Z88Cj4FisxFJyM6uA/ejr84VZdSMa","privKey":"KD1KDlYQnBoFEUymMyJE6DI/Oj5inBE2pzE1wiEaHGg="},"lastRemoteEphemeralKey":"BT9iCwXqjPmYteCCq55GbwPCKdZjzNAqfZyoDtPw1v1z","previousCounter":0,"rootKey":"TjXNrNKAqhlcN47/o7WxNIT9LD7fitfMWW8JdR0cWbI="},"indexInfo":{"baseKey":"Bb6a3V8VnGb5sfFUdNugExvoC3rV9BpvAZJIwn1Lq7tv","baseKeyType":1,"closed":-1,"used":1704132688752,"created":1704132688752,"remoteIdentityKey":"BWPufUDxlywI1Df+FASo6wBAx0/vWO5B127g3Zb0u3wA"},"_chains":{"BQW5Cb6WYDDy1H9Z88Cj4FisxFJyM6uA/ejr84VZdSMa":{"chainKey":{"counter":8,"key":"dyydMko/kaekQ94OJ9siESRDL1r9iaR3utHPjD/VrVw="},"chainType":1,"messageKeys":{}}},"pendingPreKey":{"signedKeyId":2,"baseKey":"Bb6a3V8VnGb5sfFUdNugExvoC3rV9BpvAZJIwn1Lq7tv","preKeyId":8266210}}},"version":"v1"}